url,name,province,city,qu,jiedao,starturl
http://www.ahjgbzw.gov.cn/main/,省编办,安徽省,,,,http://www.ahjgbzw.gov.cn/main/
http://www.ahpc.gov.cn/,省发改委,安徽省,,,,http://www.ahpc.gov.cn/
http://www.ahedu.gov.cn/,省教育厅,安徽省,,,,http://www.ahedu.gov.cn/
http://www.ahkjt.gov.cn/technologi/index.htm,省科技厅,安徽省,,,,http://www.ahkjt.gov.cn/technologi/index.htm
http://www.aheic.gov.cn/,省经济和信息化委,安徽省,,,,http://www.aheic.gov.cn/
http://www.ahmwzjj.gov.cn/welcome/,省民委,安徽省,,,,http://www.ahmwzjj.gov.cn/welcome/
http://www.ahga.gov.cn/,省公安厅,安徽省,,,,http://www.ahga.gov.cn/
http://www.ahjjjc.gov.cn/,省监察厅,安徽省,,,,http://www.ahjjjc.gov.cn/
http://www.ahmz.gov.cn/,省民政厅,安徽省,,,,http://www.ahmz.gov.cn/
http://www.ahsft.gov.cn/,省司法厅,安徽省,,,,http://www.ahsft.gov.cn/
http://www.ahcz.gov.cn/portal/index.htm,省财政厅,安徽省,,,,http://www.ahcz.gov.cn/portal/index.htm
http://www.ah.hrss.gov.cn/web/index.html,省人力资源社会保障厅,安徽省,,,,http://www.ah.hrss.gov.cn/web/index.html
http://www.ahgtt.gov.cn/,省国土资源厅,安徽省,,,,http://www.ahgtt.gov.cn/
http://www.aepb.gov.cn/pages/Home.html,省环境保护厅,安徽省,,,,http://www.aepb.gov.cn/pages/Home.html
http://www.ahjst.gov.cn/front_ahjst/,省住房城乡建设厅,安徽省,,,,http://www.ahjst.gov.cn/front_ahjst/
http://www.ahjt.gov.cn/,省交通运输厅,安徽省,,,,http://www.ahjt.gov.cn/
http://www.ahny.gov.cn,省农业委员会,安徽省,,,,http://www.ahny.gov.cn
http://www.ahsl.gov.cn,省水利厅,安徽省,,,,http://www.ahsl.gov.cn
http://www.ahly.gov.cn/,省林业厅,安徽省,,,,http://www.ahly.gov.cn/
http://www.ahbofcom.gov.cn/,省商务厅,安徽省,,,,http://www.ahbofcom.gov.cn/
http://www.ahwh.gov.cn/,省文化厅,安徽省,,,,http://www.ahwh.gov.cn/
http://www.ahwjw.gov.cn/,省卫生计生委,安徽省,,,,http://www.ahwjw.gov.cn/
http://www.ahsj.gov.cn/,省审计厅,安徽省,,,,http://www.ahsj.gov.cn/
http://www.ahfao.gov.cn/,省外办（省侨办）,安徽省,,,,http://www.ahfao.gov.cn/
http://www.ahgzw.gov.cn/ahgzwweb/web/index.jsp,省国资委,安徽省,,,,http://www.ahgzw.gov.cn/ahgzwweb/web/index.jsp
http://www.ah-l-tax.gov.cn/portal/index.htm,省地税局,安徽省,,,,http://www.ah-l-tax.gov.cn/portal/index.htm
http://www.ahty.gov.cn/,省体育局,安徽省,,,,http://www.ahty.gov.cn/
http://www.ahtjj.gov.cn/tjj/web/index.jsp,省统计局,安徽省,,,,http://www.ahtjj.gov.cn/tjj/web/index.jsp
http://www.ahaic.gov.cn/,省工商局,安徽省,,,,http://www.ahaic.gov.cn/
http://www.ahxg.gov.cn/,省新闻出版广电局,安徽省,,,,http://www.ahxg.gov.cn/
http://www.ahqi.gov.cn/,省质监局,安徽省,,,,http://www.ahqi.gov.cn/
http://www.ada.gov.cn/,省食品药品监管局,安徽省,,,,http://www.ada.gov.cn/
http://www.anhuisafety.gov.cn/,省安监局,安徽省,,,,http://www.anhuisafety.gov.cn/
http://www.ahta.com.cn/zw/,省旅游局,安徽省,,,,http://www.ahta.com.cn/zw/
http://www.ahls.gov.cn/,省粮食局,安徽省,,,,http://www.ahls.gov.cn/
http://www.ahsgj.gov.cn,省管局（省接待办）,安徽省,,,,http://www.ahsgj.gov.cn
http://www.ahfzb.gov.cn/welcome/index.php,省法制办,安徽省,,,,http://www.ahfzb.gov.cn/welcome/index.php
http://www.ahjr.gov.cn,省金融办,安徽省,,,,http://www.ahjr.gov.cn
http://www.ahrfb.gov.cn/,省人防办,安徽省,,,,http://www.ahrfb.gov.cn/
http://www.ahda.gov.cn/,省档案局,安徽省,,,,http://www.ahda.gov.cn/
http://www.ahdkj.gov.cn/,省地矿局,安徽省,,,,http://www.ahdkj.gov.cn/
http://www.ahdfz.gov.cn/,省地方志办,安徽省,,,,http://www.ahdfz.gov.cn/
http://www.dss.gov.cn/,省发展研究中心,安徽省,,,,http://www.dss.gov.cn/
http://www.ahcoop.gov.cn/,省供销社,安徽省,,,,http://www.ahcoop.gov.cn/
http://www.ahxfj.gov.cn/,省信访局,安徽省,,,,http://www.ahxfj.gov.cn/
http://www.ahzw.gov.cn/webmhIndex.action,省政务服务中心,安徽省,,,,http://www.ahzw.gov.cn/webmhIndex.action
http://www.ahpi.gov.cn/,省物价局,安徽省,,,,http://www.ahpi.gov.cn/
http://nyj.ahpc.gov.cn/,省能源局,安徽省,,,,http://nyj.ahpc.gov.cn/
http://gfkgb.ah.gov.cn/,省国防科工办,安徽省,,,,http://gfkgb.ah.gov.cn/
http://www.ah-n-tax.gov.cn/ahtax/index.html,省国税局,安徽省,,,,http://www.ah-n-tax.gov.cn/ahtax/index.html
http://www.ahqx.gov.cn/,省气象局,安徽省,,,,http://www.ahqx.gov.cn/
http://www.anhuimj.gov.cn,省煤矿安全监察局,安徽省,,,,http://www.anhuimj.gov.cn
http://eq.ah.gov.cn,省地震局,安徽省,,,,http://eq.ah.gov.cn
http://www.ahdc.gov.cn/,国家统计局安徽调查总队,安徽省,,,,http://www.ahdc.gov.cn/
http://www.ahmd.com.cn,省煤田地质局,安徽省,,,,http://www.ahmd.com.cn
http://ahfp.ah.gov.cn/,省扶贫办,安徽省,,,,http://ahfp.ah.gov.cn/
http://www.hdyk.cn/,华东冶金地质勘查局,安徽省,,,,http://www.hdyk.cn/
http://www.hefei.gov.cn,合肥市,安徽省,合肥市,,,http://www.hefei.gov.cn
http://www.hfxf.gov.cn/,市委组织部,安徽省,合肥市,,,http://www.hfxf.gov.cn/
http://swxcb.hefei.gov.cn,市委宣传部,安徽省,合肥市,,,http://swxcb.hefei.gov.cn
http://swtzb.hefei.gov.cn,市委统战部,安徽省,合肥市,,,http://swtzb.hefei.gov.cn
http://swzfw.hefei.gov.cn,市委政法委,安徽省,合肥市,,,http://swzfw.hefei.gov.cn
http://jgbzw.hefei.gov.cn/,市编办,安徽省,合肥市,,,http://jgbzw.hefei.gov.cn/
http://swjggw.hefei.gov.cn,市直机关工委,安徽省,合肥市,,,http://swjggw.hefei.gov.cn
http://slgbj.hefei.gov.cn,市委老干部局,安徽省,合肥市,,,http://slgbj.hefei.gov.cn
http://chlg.hefei.gov.cn/,合肥市巢湖老干部局,安徽省,合肥市,,,http://chlg.hefei.gov.cn/
http://hf.wenming.cn/,市文明办,安徽省,合肥市,,,http://hf.wenming.cn/
http://www.hfdx.gov.cn/,市委党校,安徽省,合肥市,,,http://www.hfdx.gov.cn/
http://daj.hefei.gov.cn,市档案局,安徽省,合肥市,,,http://daj.hefei.gov.cn
http://swdsb.hefei.gov.cn,市委党史研究室,安徽省,合肥市,,,http://swdsb.hefei.gov.cn
http://sbmj.hefei.gov.cn,市国家保密局,安徽省,合肥市,,,http://sbmj.hefei.gov.cn
http://szgh.hefei.gov.cn,市总工会,安徽省,合肥市,,,http://szgh.hefei.gov.cn
http://youth.hefei.gov.cn,团市委,安徽省,合肥市,,,http://youth.hefei.gov.cn
http://sfl.hefei.gov.cn,市妇联,安徽省,合肥市,,,http://sfl.hefei.gov.cn
http://sskl.hefei.gov.cn/,市社科联,安徽省,合肥市,,,http://sskl.hefei.gov.cn/
http://sql.hefei.gov.cn,市侨联,安徽省,合肥市,,,http://sql.hefei.gov.cn
http://smg.hefei.gov.cn,民革合肥市委,安徽省,合肥市,,,http://smg.hefei.gov.cn
http://hfmm.hefei.gov.cn,民盟合肥市委,安徽省,合肥市,,,http://hfmm.hefei.gov.cn
http://www.hfdca.org,民建合肥市委,安徽省,合肥市,,,http://www.hfdca.org
http://hfmj.hefei.gov.cn/,民进合肥市委,安徽省,合肥市,,,http://hfmj.hefei.gov.cn/
http://ngdhfswyh.hefei.gov.cn/,农工党合肥市委,安徽省,合肥市,,,http://ngdhfswyh.hefei.gov.cn/
http://hfzg.hefei.gov.cn/,致公党合肥市委,安徽省,合肥市,,,http://hfzg.hefei.gov.cn/
http://jsxs.hefei.gov.cn,九三学社合肥市委,安徽省,合肥市,,,http://jsxs.hefei.gov.cn
http://www.hfgsl.gov.cn/,市工商联,安徽省,合肥市,,,http://www.hfgsl.gov.cn/
http://skx.hefei.gov.cn,市科学技术协会,安徽省,合肥市,,,http://skx.hefei.gov.cn
http://hfhh.hefei.gov.cn/,市红十字会,安徽省,合肥市,,,http://hfhh.hefei.gov.cn/
http://www.hfdpc.gov.cn,市发展和改革委员会,安徽省,合肥市,,,http://www.hfdpc.gov.cn
http://www.hfgj.gov.cn,市经济和信息化委员会,安徽省,合肥市,,,http://www.hfgj.gov.cn
http://www.hfac.gov.cn/,市农业委员会,安徽省,合肥市,,,http://www.hfac.gov.cn/
http://www.hfjs.gov.cn/jw_home/index.jsp,市城乡建设委员会,安徽省,合肥市,,,http://www.hfjs.gov.cn/jw_home/index.jsp
http://www.hfjy.net.cn,市教育局,安徽省,合肥市,,,http://www.hfjy.net.cn
http://www.hfst.gov.cn,市科学技术局,安徽省,合肥市,,,http://www.hfst.gov.cn
http://smw.hefei.gov.cn,市民族事务委员会,安徽省,合肥市,,,http://smw.hefei.gov.cn
http://hf.ahga.gov.cn/,市公安局,安徽省,合肥市,,,http://hf.ahga.gov.cn/
http://smzj.hefei.gov.cn,市民政局,安徽省,合肥市,,,http://smzj.hefei.gov.cn
http://ssfj.hefei.gov.cn,市司法局,安徽省,合肥市,,,http://ssfj.hefei.gov.cn
http://www.hfcz.gov.cn/,市财政局,安徽省,合肥市,,,http://www.hfcz.gov.cn/
http://www.ahhfld.gov.cn,市人力资源和社会,安徽省,合肥市,,,http://www.ahhfld.gov.cn
http://www.hfgt.gov.cn,市国土资源局,安徽省,合肥市,,,http://www.hfgt.gov.cn
http://sjtj.hefei.gov.cn,市交通运输局,安徽省,合肥市,,,http://sjtj.hefei.gov.cn
http://sswj.hefei.gov.cn,市水务局,安徽省,合肥市,,,http://sswj.hefei.gov.cn
http://www.hfyl.gov.cn/,市林业和园林局,安徽省,合肥市,,,http://www.hfyl.gov.cn/
http://swj.hefei.gov.cn,市商务局,安徽省,合肥市,,,http://swj.hefei.gov.cn
http://swhj.hefei.gov.cn,市文化广电新闻出版局,安徽省,合肥市,,,http://swhj.hefei.gov.cn
http://hfwjw.hefei.gov.cn/,市卫计委,安徽省,合肥市,,,http://hfwjw.hefei.gov.cn/
http://sjj.hefei.gov.cn,市审计局,安徽省,合肥市,,,http://sjj.hefei.gov.cn
http://www.hfsghj.gov.cn,市规划局,安徽省,合肥市,,,http://www.hfsghj.gov.cn
http://www.hfsr.gov.cn,市城市管理局,安徽省,合肥市,,,http://www.hfsr.gov.cn
http://www.hfepb.gov.cn,市环境保护局,安徽省,合肥市,,,http://www.hfepb.gov.cn
http://www.hfgzw.gov.cn,市国资委,安徽省,合肥市,,,http://www.hfgzw.gov.cn
http://www.hfsjw.gov.cn/,市监察局,安徽省,合肥市,,,http://www.hfsjw.gov.cn/
http://hfwqb.hefei.gov.cn,市外事侨务办公室,安徽省,合肥市,,,http://hfwqb.hefei.gov.cn
http://www.hffd.gov.cn,市房地产管理局,安徽省,合肥市,,,http://www.hffd.gov.cn
http://styj.hefei.gov.cn,市体育局,安徽省,合肥市,,,http://styj.hefei.gov.cn
http://tjj.hefei.gov.cn,市统计局,安徽省,合肥市,,,http://tjj.hefei.gov.cn
http://sajj.hefei.gov.cn,市安全生产监督管理局,安徽省,合肥市,,,http://sajj.hefei.gov.cn
http://www.hfpi.gov.cn,市物价局,安徽省,合肥市,,,http://www.hfpi.gov.cn
http://www.hfxmsc.gov.cn,市畜牧水产局,安徽省,合肥市,,,http://www.hfxmsc.gov.cn
http://zw.hfly.gov.cn/,市旅游局,安徽省,合肥市,,,http://zw.hfly.gov.cn/
http://sxfj.hefei.gov.cn,市委、市政府信访局,安徽省,合肥市,,,http://sxfj.hefei.gov.cn
http://www.hffzb.gov.cn,市法制办公室,安徽省,合肥市,,,http://www.hffzb.gov.cn
http://www.hfrfb.gov.cn,市人防办,安徽省,合肥市,,,http://www.hfrfb.gov.cn
http://yjj.hefei.gov.cn,市食品药品监督管理局,安徽省,合肥市,,,http://yjj.hefei.gov.cn
http://zjj.hefei.gov.cn,市质量技术监督局,安徽省,合肥市,,,http://zjj.hefei.gov.cn
http://www.hfaic.gov.cn/,市工商局,安徽省,合肥市,,,http://www.hfaic.gov.cn/
http://www.hflsj.gov.cn/,市粮食局,安徽省,合肥市,,,http://www.hflsj.gov.cn/
http://www.hfxzzx.gov.cn/dyCenter.action,市政府政务服务中心,安徽省,合肥市,,,http://www.hfxzzx.gov.cn/dyCenter.action
http://sgj.hefei.gov.cn,市机关事务管理局,安徽省,合肥市,,,http://sgj.hefei.gov.cn
http://www.hfinvest.gov.cn,市招商局,安徽省,合肥市,,,http://www.hfinvest.gov.cn
http://www.hfzdj.cn,市重点工程建设管理局,安徽省,合肥市,,,http://www.hfzdj.cn
http://hfsjrb.hefei.gov.cn,市金融办,安徽省,合肥市,,,http://hfsjrb.hefei.gov.cn
http://www.hfzfcg.gov.cn/hfzbtb/jdglj/,合肥市公共资源交易监督管理局,安徽省,合肥市,,,http://www.hfzfcg.gov.cn/hfzbtb/jdglj/
http://www.hfdzj.gov.cn,市地震局,安徽省,合肥市,,,http://www.hfdzj.gov.cn
http://sdfz.hefei.gov.cn,市地方志编纂委员会,安徽省,合肥市,,,http://sdfz.hefei.gov.cn
http://scl.hefei.gov.cn,市残疾人联合会,安徽省,合肥市,,,http://scl.hefei.gov.cn
http://www.hfgjj.com,市住房公积金管理中心,安徽省,合肥市,,,http://www.hfgjj.com
http://hfgxs.hefei.gov.cn,市供销社,安徽省,合肥市,,,http://hfgxs.hefei.gov.cn
http://www.ahhf-l-tax.gov.cn/,市地税局,安徽省,合肥市,,,http://www.ahhf-l-tax.gov.cn/
http://www.ah-n-tax.gov.cn/hfgsww/,市国税局,安徽省,合肥市,,,http://www.ah-n-tax.gov.cn/hfgsww/
http://www.feidong.gov.cn,肥东县人民政府,安徽省,合肥市,肥东县,,http://www.feidong.gov.cn
http://www.fdrenda.gov.cn/,肥东县人大常委会,安徽省,合肥市,肥东县,,http://www.fdrenda.gov.cn/
http://www.fdxjw.gov.cn/welcome/,肥东县纪委,安徽省,合肥市,肥东县,,http://www.fdxjw.gov.cn/welcome/
http://www.ahfdzx.gov.cn/,肥东县政协,安徽省,合肥市,肥东县,,http://www.ahfdzx.gov.cn/
http://www.fdxcb.gov.cn,宣传部,安徽省,合肥市,肥东县,,http://www.fdxcb.gov.cn
http://www.fdszw.org/,肥东史志网,安徽省,合肥市,肥东县,,http://www.fdszw.org/
http://wmw.feidong.gov.cn,肥东文明网,安徽省,合肥市,肥东县,,http://wmw.feidong.gov.cn
http://fd.ahxf.gov.cn/,先锋网,安徽省,合肥市,肥东县,,http://fd.ahxf.gov.cn/
http://www.fdyouth.org.cn/welcome/,团县委,安徽省,合肥市,肥东县,,http://www.fdyouth.org.cn/welcome/
http://www.fdxjw.gov.cn/,肥东县纪检监察网,安徽省,合肥市,肥东县,,http://www.fdxjw.gov.cn/
http://www.fdxcb.gov.cn/,中共肥东县委宣传部,安徽省,合肥市,肥东县,,http://www.fdxcb.gov.cn/
http://www.fdjyw.net/,肥东县教育体育局,安徽省,合肥市,肥东县,,http://www.fdjyw.net/
http://www.dianbu.gov.cn/,安徽店埠,安徽省,合肥市,肥东县,店埠,http://www.dianbu.gov.cn/
http://www.fdfy.gov.cn/,肥东县人民法院,安徽省,合肥市,肥东县,,http://www.fdfy.gov.cn/
http://www.fdxzgw.cn/,肥东县直属机关工作委员会,安徽省,合肥市,肥东县,,http://www.fdxzgw.cn/
http://msgc.fdcz.gov.cn/,肥东县财政局,安徽省,合肥市,肥东县,,http://msgc.fdcz.gov.cn/
http://www.ahnjh.gov.cn/subarea/FD/,肥东县农业机械管理局　,安徽省,合肥市,肥东县,,http://www.ahnjh.gov.cn/subarea/FD/
http://www.ahfeixi.gov.cn,肥西县人民政府,安徽省,合肥市,肥西,,http://www.ahfeixi.gov.cn
http://fxzx.ahfeixi.gov.cn/,政协,安徽省,合肥市,肥西,,http://fxzx.ahfeixi.gov.cn/
http://hffx.ahga.gov.cn/,公安局,安徽省,合肥市,肥西,,http://hffx.ahga.gov.cn/
http://www.ahfeixird.gov.cn/,肥西县人大常委,安徽省,合肥市,肥西,,http://www.ahfeixird.gov.cn/
http://yyjy.lzwxweb.com/,肥西人力资源和社会保障局,安徽省,合肥市,肥西,,http://yyjy.lzwxweb.com/
http://www.fxxc.gov.cn/,肥西新闻网,安徽省,合肥市,肥西,,http://www.fxxc.gov.cn/
http://feixi.mofcom.gov.cn/,合肥市肥西县商务之窗,安徽省,合肥市,肥西,,http://feixi.mofcom.gov.cn/
http://www.ahfeixi.jcy.gov.cn/,检察院,安徽省,合肥市,肥西,,http://www.ahfeixi.jcy.gov.cn/
http://www.fxcourt.cn/,人民法院,安徽省,合肥市,肥西,,http://www.fxcourt.cn/
http://www.fxxwdx.gov.cn/,党校,安徽省,合肥市,肥西,,http://www.fxxwdx.gov.cn/
http://www.fxds.gov.cn,电子商务公共服务平台,安徽省,合肥市,肥西,,http://www.fxds.gov.cn
http://www.changfeng.gov.cn,长丰县人民政府,安徽省,合肥市,长丰县,,http://www.changfeng.gov.cn
http://rd.changfeng.gov.cn/,长丰县人大,安徽省,合肥市,长丰县,,http://rd.changfeng.gov.cn/
http://www.cfxjw.cn/,长丰县纪委,安徽省,合肥市,长丰县,,http://www.cfxjw.cn/
http://cf.ahxf.gov.cn/,组织部,安徽省,合肥市,长丰县,,http://cf.ahxf.gov.cn/
http://xcb.changfeng.gov.cn/,宣传部,安徽省,合肥市,长丰县,,http://xcb.changfeng.gov.cn/
http://zfw.changfeng.gov.cn/,政法委,安徽省,合肥市,长丰县,,http://zfw.changfeng.gov.cn/
http://www.cfbb.gov.cn/main/,编办,安徽省,合肥市,长丰县,,http://www.cfbb.gov.cn/main/
http://jggw.changfeng.gov.cn/,直工委,安徽省,合肥市,长丰县,,http://jggw.changfeng.gov.cn/
http://dx.changfeng.gov.cn/,党校,安徽省,合肥市,长丰县,,http://dx.changfeng.gov.cn/
http://www.cfyouth.org.cn/,团县委,安徽省,合肥市,长丰县,,http://www.cfyouth.org.cn/
http://fl.changfeng.gov.cn/,妇联,安徽省,合肥市,长丰县,,http://fl.changfeng.gov.cn/
http://zgh.changfeng.gov.cn/,总工会,安徽省,合肥市,长丰县,,http://zgh.changfeng.gov.cn/
http://kexie.changfeng.gov.cn/,科协,安徽省,合肥市,长丰县,,http://kexie.changfeng.gov.cn/
http://gsl.changfeng.gov.cn/,工商联,安徽省,合肥市,长丰县,,http://gsl.changfeng.gov.cn/
http://cl.changfeng.gov.cn/,残联,安徽省,合肥市,长丰县,,http://cl.changfeng.gov.cn/
http://www.changfeng.gov.cn/4361635.html,发改委,安徽省,合肥市,长丰县,,http://www.changfeng.gov.cn/4361635.html
http://www.changfeng.gov.cn/4361706.html,农委,安徽省,合肥市,长丰县,,http://www.changfeng.gov.cn/4361706.html
http://www.changfeng.gov.cn/4361646.html,规划局,安徽省,合肥市,长丰县,,http://www.changfeng.gov.cn/4361646.html
http://www.cfzdj.gov.cn/,重点局,安徽省,合肥市,长丰县,,http://www.cfzdj.gov.cn/
http://www.changfeng.gov.cn/4361668.html,教体局,安徽省,合肥市,长丰县,,http://www.changfeng.gov.cn/4361668.html
http://www.cfga.gov.cn/,公安局,安徽省,合肥市,长丰县,,http://www.cfga.gov.cn/
http://www.changfeng.gov.cn/4361701.html,民政局,安徽省,合肥市,长丰县,,http://www.changfeng.gov.cn/4361701.html
http://www.changfeng.gov.cn/4361734.html,司法局,安徽省,合肥市,长丰县,,http://www.changfeng.gov.cn/4361734.html
http://www.changfeng.gov.cn/4351370.html,财政局,安徽省,合肥市,长丰县,,http://www.changfeng.gov.cn/4351370.html
http://www.changfeng.gov.cn/4361710.html,人社局,安徽省,合肥市,长丰县,,http://www.changfeng.gov.cn/4361710.html
http://www.changfeng.gov.cn/4361652.html,国土局,安徽省,合肥市,长丰县,,http://www.changfeng.gov.cn/4361652.html
http://www.changfeng.gov.cn/4361664.html,交通运输局,安徽省,合肥市,长丰县,,http://www.changfeng.gov.cn/4361664.html
http://www.changfeng.gov.cn/4361729.html,水务局,安徽省,合肥市,长丰县,,http://www.changfeng.gov.cn/4361729.html
http://www.changfeng.gov.cn/4361688.html,林业局,安徽省,合肥市,长丰县,,http://www.changfeng.gov.cn/4361688.html
http://www.changfeng.gov.cn/4361744.html,文广新局,安徽省,合肥市,长丰县,,http://www.changfeng.gov.cn/4361744.html
http://www.changfeng.gov.cn/4361715.html,审计局,安徽省,合肥市,长丰县,,http://www.changfeng.gov.cn/4361715.html
http://www.changfeng.gov.cn/4361624.html,城管局,安徽省,合肥市,长丰县,,http://www.changfeng.gov.cn/4361624.html
http://www.changfeng.gov.cn/4361660.html,环保局,安徽省,合肥市,长丰县,,http://www.changfeng.gov.cn/4361660.html
http://tjjnew.changfeng.gov.cn/,统计局,安徽省,合肥市,长丰县,,http://tjjnew.changfeng.gov.cn/
http://www.changfeng.gov.cn/4361566.html,安监局,安徽省,合肥市,长丰县,,http://www.changfeng.gov.cn/4361566.html
http://www.changfeng.gov.cn/4361758.html,物价局,安徽省,合肥市,长丰县,,http://www.changfeng.gov.cn/4361758.html
http://www.changfeng.gov.cn/4361762.html,畜牧水产局,安徽省,合肥市,长丰县,,http://www.changfeng.gov.cn/4361762.html
http://www.cfztb.gov.cn/cfxggzy/,公管局,安徽省,合肥市,长丰县,,http://www.cfztb.gov.cn/cfxggzy/
http://zsjnew.changfeng.gov.cn/,招商局,安徽省,合肥市,长丰县,,http://zsjnew.changfeng.gov.cn/
http://www.changfeng.gov.cn/4361722.html,市场监管局,安徽省,合肥市,长丰县,,http://www.changfeng.gov.cn/4361722.html
http://www.ah-n-tax.gov.cn/hfgsww/xqzsj/hfcfx/,国税局,安徽省,合肥市,长丰县,,http://www.ah-n-tax.gov.cn/hfgsww/xqzsj/hfcfx/
http://www.cfglfj.com/,公路局,安徽省,合肥市,长丰县,,http://www.cfglfj.com/
http://www.changfeng.gov.cn/4365973.html,水湖镇,安徽省,合肥市,长丰县,水湖镇,http://www.changfeng.gov.cn/4365973.html
http://www.changfeng.gov.cn/4365933.html,岗集镇,安徽省,合肥市,长丰县,岗集镇,http://www.changfeng.gov.cn/4365933.html
http://www.changfeng.gov.cn/4365994.html,下塘镇,安徽省,合肥市,长丰县,下塘镇,http://www.changfeng.gov.cn/4365994.html
http://www.changfeng.gov.cn/4366003.html,杨庙镇,安徽省,合肥市,长丰县,杨庙镇,http://www.changfeng.gov.cn/4366003.html
http://www.changfeng.gov.cn/4365989.html,吴山镇,安徽省,合肥市,长丰县,吴山镇,http://www.changfeng.gov.cn/4365989.html
http://www.changfeng.gov.cn/4366027.html,庄墓镇,安徽省,合肥市,长丰县,庄墓镇,http://www.changfeng.gov.cn/4366027.html
http://www.changfeng.gov.cn/4365981.html,陶楼镇,安徽省,合肥市,长丰县,陶楼镇,http://www.changfeng.gov.cn/4365981.html
http://www.changfeng.gov.cn/4365348.html,杜集乡,安徽省,合肥市,长丰县,杜集乡,http://www.changfeng.gov.cn/4365348.html
http://www.changfeng.gov.cn/4366009.html,义井乡,安徽省,合肥市,长丰县,义井乡,http://www.changfeng.gov.cn/4366009.html
http://www.changfeng.gov.cn/4366016.html,造甲乡,安徽省,合肥市,长丰县,造甲乡,http://www.changfeng.gov.cn/4366016.html
http://www.changfeng.gov.cn/4366031.html,左店乡,安徽省,合肥市,长丰县,左店乡,http://www.changfeng.gov.cn/4366031.html
http://fy.changfeng.gov.cn/,县法院,安徽省,合肥市,长丰县,,http://fy.changfeng.gov.cn/
http://www.ahchangfeng.jcy.gov.cn/,县检察院,安徽省,合肥市,长丰县,,http://www.ahchangfeng.jcy.gov.cn/
http://wmw.changfeng.gov.cn/,长丰文明网,安徽省,合肥市,长丰县,,http://wmw.changfeng.gov.cn/
http://www.ahnjh.gov.cn/subarea/cf/,农机化网,安徽省,合肥市,长丰县,,http://www.ahnjh.gov.cn/subarea/cf/
http://www.cfcdc.ah.cn/,疾控中心,安徽省,合肥市,长丰县,,http://www.cfcdc.ah.cn/
http://www.lj.gov.cn/,庐江县人民政府,安徽省,合肥市,庐江县,,http://www.lj.gov.cn/
http://xf.ahlj.gov.cn,县委组织部,安徽省,合肥市,庐江县,,http://xf.ahlj.gov.cn
http://www.ahljnews.com/,县委宣传部,安徽省,合肥市,庐江县,,http://www.ahljnews.com/
http://www.xwzfw.lj.gov.cn/,县委政法委,安徽省,合肥市,庐江县,,http://www.xwzfw.lj.gov.cn/
http://www.ljbz.gov.cn,县编委办公室,安徽省,合肥市,庐江县,,http://www.ljbz.gov.cn
http://xwdx.lj.gov.cn,县委党校,安徽省,合肥市,庐江县,,http://xwdx.lj.gov.cn
http://old.lj.gov.cn/subject/ggw/,关工委,安徽省,合肥市,庐江县,,http://old.lj.gov.cn/subject/ggw/
http://old.lj.gov.cn/subject/lkx/,老科协,安徽省,合肥市,庐江县,,http://old.lj.gov.cn/subject/lkx/
http://www.ahnjh.gov.cn/Subarea/lj/,县农机局,安徽省,合肥市,庐江县,,http://www.ahnjh.gov.cn/Subarea/lj/
http://www.ljcourt.gov.cn/web/,庐江县人民法院,安徽省,合肥市,庐江县,,http://www.ljcourt.gov.cn/web/
http://www.ahlujiang.jcy.gov.cn/,庐江县人民检察院,安徽省,合肥市,庐江县,,http://www.ahlujiang.jcy.gov.cn/
http://www.ljxmj.com/,县畜牧兽医局,安徽省,合肥市,庐江县,,http://www.ljxmj.com/
http://www.chaohu.gov.cn/,巢湖市人民政府,安徽省,合肥市,巢湖市,,http://www.chaohu.gov.cn/
http://ch.ahxf.gov.cn/template/index_xf.aspx,市委组织部,安徽省,合肥市,巢湖市,,http://ch.ahxf.gov.cn/template/index_xf.aspx
http://www.chxcw.gov.cn,市委宣传部,安徽省,合肥市,巢湖市,,http://www.chxcw.gov.cn
http://www.chsjw.gov.cn/,市纪委,安徽省,合肥市,巢湖市,,http://www.chsjw.gov.cn/
http://www.chxfj.gov.cn,市信访局,安徽省,合肥市,巢湖市,,http://www.chxfj.gov.cn
http://ahch.wenming.cn,市文明办,安徽省,合肥市,巢湖市,,http://ahch.wenming.cn
http://www.chswdx.cn/,市委党校,安徽省,合肥市,巢湖市,,http://www.chswdx.cn/
http://www.chswlgbj.gov.cn/,市委老干部局,安徽省,合肥市,巢湖市,,http://www.chswlgbj.gov.cn/
http://www.chwomen.org.cn/,巢湖市妇联,安徽省,合肥市,巢湖市,,http://www.chwomen.org.cn/
http://chgqt.gov.cn/,团市委,安徽省,合肥市,巢湖市,,http://chgqt.gov.cn/
http://www.hfyaohai.gov.cn,瑶海区人民政府,安徽省,合肥市,瑶海区,,http://www.hfyaohai.gov.cn
http://220.178.118.36:840/,区纪委,安徽省,合肥市,瑶海区,,http://220.178.118.36:840/
http://www.ahhfly.gov.cn,庐阳区人民政府,安徽省,合肥市,庐阳区,,http://www.ahhfly.gov.cn
http://www.hflyzx.gov.cn/,政协,安徽省,合肥市,庐阳区,,http://www.hflyzx.gov.cn/
http://www.hefeily.jcy.gov.cn/,人民检察院,安徽省,合肥市,庐阳区,,http://www.hefeily.jcy.gov.cn/
http://www.luyang.gov.cn/sitecn/News.aspx?columnid=1395,法院,安徽省,合肥市,庐阳区,,http://www.luyang.gov.cn/sitecn/News.aspx?columnid=1395
http://www.lyjgbz.gov.cn/,庐阳区机构编制委员会办公室,安徽省,合肥市,庐阳区,,http://www.lyjgbz.gov.cn/
http://www.lyms.gov.cn/,庐阳区民生工程  合肥市庐阳区财政局,安徽省,合肥市,庐阳区,,http://www.lyms.gov.cn/
http://www.lyqgh.cn/,总工会,安徽省,合肥市,庐阳区,,http://www.lyqgh.cn/
http://www.hfss.gov.cn,蜀山区人民政府,安徽省,合肥市,蜀山区,,http://www.hfss.gov.cn
http://www.sscourt.gov.cn/web/index.aspx,法院,安徽省,合肥市,蜀山区,,http://www.sscourt.gov.cn/web/index.aspx
http://www.ssms.gov.cn/,民生工程,安徽省,合肥市,蜀山区,,http://www.ssms.gov.cn/
http://www.hfssjt.gov.cn,蜀山教育体育网,安徽省,合肥市,蜀山区,,http://www.hfssjt.gov.cn
http://www.sszzb.gov.cn/,先锋网,安徽省,合肥市,蜀山区,,http://www.sszzb.gov.cn/
http://www.shushannews.cn/,蜀山新闻网,安徽省,合肥市,蜀山区,,http://www.shushannews.cn/
http://www.hefeiss.jcy.gov.cn/,检察院,安徽省,合肥市,蜀山区,,http://www.hefeiss.jcy.gov.cn/
http://sscjg.hfss.gov.cn/,市场监督管理局,安徽省,合肥市,蜀山区,,http://sscjg.hfss.gov.cn/
http://wjj.hfss.gov.cn/,卫生和计划生育局,安徽省,合肥市,蜀山区,,http://wjj.hfss.gov.cn/
http://www.baohe.gov.cn/,包河区人民政府,安徽省,合肥市,包河区,,http://www.baohe.gov.cn/
http://www.baohenews.cn/,包河新闻网,安徽省,合肥市,包河区,,http://www.baohenews.cn/
http://bh.ahxf.gov.cn/,先锋网,安徽省,合肥市,包河区,,http://bh.ahxf.gov.cn/
http://zx.baohe.gov.cn/,政协,安徽省,合肥市,包河区,,http://zx.baohe.gov.cn/
http://rd.baohe.gov.cn/,人大,安徽省,合肥市,包河区,,http://rd.baohe.gov.cn/
http://edu.baohe.gov.cn/,教育体育网,安徽省,合肥市,包河区,,http://edu.baohe.gov.cn/
http://www.bhfy.gov.cn/,人民法院,安徽省,合肥市,包河区,,http://www.bhfy.gov.cn/
http://www.hefeibh.jcy.gov.cn/,检察院,安徽省,合肥市,包河区,,http://www.hefeibh.jcy.gov.cn/
http://www.hefei-stip.com.cn,合肥高新技术产业,安徽省,合肥市,高新技术产业区,,http://www.hefei-stip.com.cn
http://www.hetda.gov.cn,合肥经济技术开发区,安徽省,合肥市,合肥经济技术开发区,,http://www.hetda.gov.cn
http://www.hfxz.gov.cn,合肥新站高新技术,安徽省,合肥市,合肥新站高新技术开发区,,http://www.hfxz.gov.cn
http://jyxxw.hfxz.gov.cn/,教育信息网,安徽省,合肥市,,,http://jyxxw.hfxz.gov.cn/
http://fzhf.hefei.gov.cn/,法治合肥网,安徽省,合肥市,,,http://fzhf.hefei.gov.cn/
http://www.huaibei.gov.cn/,淮北市,安徽省,淮北市,,,http://www.huaibei.gov.cn/
http://www.sxx.gov.cn,濉溪县政府,安徽省,淮北市,濉溪县,,http://www.sxx.gov.cn
http://sxczj.sxx.gov.cn,县财政局,安徽省,淮北市,濉溪县,,http://sxczj.sxx.gov.cn
http://sxpfw.sxx.gov.cn,县司法局,安徽省,淮北市,濉溪县,,http://sxpfw.sxx.gov.cn
http://sxjy.sxx.gov.cn/,县教育局,安徽省,淮北市,濉溪县,,http://sxjy.sxx.gov.cn/
http://sxjtj.sxx.gov.cn/,县交通运输局,安徽省,淮北市,濉溪县,,http://sxjtj.sxx.gov.cn/
http://www.sxjjkfq.gov.cn,濉溪经济开发区,安徽省,淮北市,濉溪县,,http://www.sxjjkfq.gov.cn
http://www.ahsxjjjc.gov.cn/,濉溪县纪检监察网,安徽省,淮北市,濉溪县,,http://www.ahsxjjjc.gov.cn/
http://hbsx.ahga.gov.cn/,公安局,安徽省,淮北市,濉溪县,,http://hbsx.ahga.gov.cn/
http://www.sxxzx.gov.cn/html/,政协,安徽省,淮北市,濉溪县,,http://www.sxxzx.gov.cn/html/
http://www.ahsxrd.gov.cn/,人大,安徽省,淮北市,濉溪县,,http://www.ahsxrd.gov.cn/
http://www.sxfy.gov.cn/,法院,安徽省,淮北市,濉溪县,,http://www.sxfy.gov.cn/
http://www.ahsuixi.jcy.gov.cn/,检察院,安徽省,淮北市,濉溪县,,http://www.ahsuixi.jcy.gov.cn/
http://www.sxfl.gov.cn/,妇女联合会,安徽省,淮北市,濉溪县,,http://www.sxfl.gov.cn/
http://www.hbxs.gov.cn/,相山区政府,安徽省,淮北市,相山区,,http://www.hbxs.gov.cn/
http://www.huaibeixs.jcy.gov.cn/,检察院,安徽省,淮北市,相山区,,http://www.huaibeixs.jcy.gov.cn/
http://www.hbxsfy.gov.cn/,法院,安徽省,淮北市,相山区,,http://www.hbxsfy.gov.cn/
http://www.xsqn.gov.cn/,相山青年网,安徽省,淮北市,相山区,,http://www.xsqn.gov.cn/
http://hbxs.ahga.gov.cn/,公安局,安徽省,淮北市,相山区,,http://hbxs.ahga.gov.cn/
http://www.hbdj.gov.cn,杜集区政府,安徽省,淮北市,杜集区,,http://www.hbdj.gov.cn
http://www.hbdjrd.gov.cn/,人大,安徽省,淮北市,杜集区,,http://www.hbdjrd.gov.cn/
http://www.huaibeidj.jcy.gov.cn/,检察院,安徽省,淮北市,杜集区,,http://www.huaibeidj.jcy.gov.cn/
http://www.lieshan.gov.cn/,烈山区政府,安徽省,淮北市,烈山区,,http://www.lieshan.gov.cn/
http://www.hblsjjjc.gov.cn/,纪检监察网,安徽省,淮北市,烈山区,,http://www.hblsjjjc.gov.cn/
http://www.hblscourt.gov.cn/,法院,安徽省,淮北市,烈山区,,http://www.hblscourt.gov.cn/
http://www.huaibeils.jcy.gov.cn/,检察院,安徽省,淮北市,烈山区,,http://www.huaibeils.jcy.gov.cn/
http://www.ahlsrd.gov.cn/,人大,安徽省,淮北市,烈山区,,http://www.ahlsrd.gov.cn/
http://www.hbpc.gov.cn/,市发改委,安徽省,淮北市,,,http://www.hbpc.gov.cn/
http://www.hbsjw.gov.cn/,市经信委,安徽省,淮北市,,,http://www.hbsjw.gov.cn/
http://www.hbjy.net/,市教育局,安徽省,淮北市,,,http://www.hbjy.net/
http://www.hbkj.gov.cn/,市科技局,安徽省,淮北市,,,http://www.hbkj.gov.cn/
http://mz.huaibei.gov.cn,市民委（宗教局）,安徽省,淮北市,,,http://mz.huaibei.gov.cn
http://hb.ahga.gov.cn/,市公安局,安徽省,淮北市,,,http://hb.ahga.gov.cn/
http://www.hbjjjc.gov.cn/,市监察局,安徽省,淮北市,,,http://www.hbjjjc.gov.cn/
http://www.hbmz.gov.cn/,市民政局,安徽省,淮北市,,,http://www.hbmz.gov.cn/
http://www.hbpfw.gov.cn/,市司法局,安徽省,淮北市,,,http://www.hbpfw.gov.cn/
http://www.hbczj.gov.cn/,市财政局（国资局）,安徽省,淮北市,,,http://www.hbczj.gov.cn/
http://www.hbshrss.gov.cn/,市人社局,安徽省,淮北市,,,http://www.hbshrss.gov.cn/
http://www.hbgt.gov.cn/,市国土局,安徽省,淮北市,,,http://www.hbgt.gov.cn/
http://www.hbhbj.gov.cn/,市环保局,安徽省,淮北市,,,http://www.hbhbj.gov.cn/
http://www.hbjsw.gov.cn/,市城乡建委,安徽省,淮北市,,,http://www.hbjsw.gov.cn/
http://www.hbjtj.gov.cn/,市交通运输局,安徽省,淮北市,,,http://www.hbjtj.gov.cn/
http://www.hbny.gov.cn/,市农委,安徽省,淮北市,,,http://www.hbny.gov.cn/
http://www.hbsw.gov.cn/,市水务局,安徽省,淮北市,,,http://www.hbsw.gov.cn/
http://www.ahhbly.gov.cn/,市林业局,安徽省,淮北市,,,http://www.ahhbly.gov.cn/
http://www.hbcom.gov.cn/,市商务局,安徽省,淮北市,,,http://www.hbcom.gov.cn/
http://wltw.huaibei.gov.cn/,市文化旅游体育委员,安徽省,淮北市,,,http://wltw.huaibei.gov.cn/
http://www.hbwjw.gov.cn/,市卫生计生委,安徽省,淮北市,,,http://www.hbwjw.gov.cn/
http://sjj.huaibei.gov.cn/,市审计局,安徽省,淮北市,,,http://sjj.huaibei.gov.cn/
http://wsb.huaibei.gov.cn/,市外事办（侨务办）,安徽省,淮北市,,,http://wsb.huaibei.gov.cn/
http://tj.huaibei.gov.cn/,市统计局,安徽省,淮北市,,,http://tj.huaibei.gov.cn/
http://www.hbaic.gov.cn/,市工商局,安徽省,淮北市,,,http://www.hbaic.gov.cn/
http://www.hbzjj.gov.cn,市质监局,安徽省,淮北市,,,http://www.hbzjj.gov.cn
http://www.hbanhuisafety.gov.cn/,市安监局（煤炭局）,安徽省,淮北市,,,http://www.hbanhuisafety.gov.cn/
http://www.ahhbls.gov.cn/,市粮食局,安徽省,淮北市,,,http://www.ahhbls.gov.cn/
http://hb.ada.gov.cn/,市食药监局（食品安,安徽省,淮北市,,,http://hb.ada.gov.cn/
http://www.hbcsgl.gov.cn/,市城市管理局,安徽省,淮北市,,,http://www.hbcsgl.gov.cn/
http://www.hbrfb.gov.cn/,市防空和防震办,安徽省,淮北市,,,http://www.hbrfb.gov.cn/
http://www.hbed.gov.cn/,市经济开发区管理委,安徽省,淮北市,,,http://www.hbed.gov.cn/
http://www.hbxzzx.gov.cn/dyCenter.action?moduloid=&childmoduloid=,市政务服务中心,安徽省,淮北市,,,http://www.hbxzzx.gov.cn/dyCenter.action?moduloid=&childmoduloid=
http://www.hbiab.gov.cn/,市招商局,安徽省,淮北市,,,http://www.hbiab.gov.cn/
http://www.hbfgj.gov.cn/,市房管局,安徽省,淮北市,,,http://www.hbfgj.gov.cn/
http://jgswgl.huaibei.gov.cn/,市机关事务局（接待,安徽省,淮北市,,,http://jgswgl.huaibei.gov.cn/
http://gxs.huaibei.gov.cn,市供销社,安徽省,淮北市,,,http://gxs.huaibei.gov.cn
http://www.hbzfgjj.cn/,市住房公积金管理中,安徽省,淮北市,,,http://www.hbzfgjj.cn/
http://www.hbzbcg.cn/hbweb/Default.aspx,市公共资源交易中心,安徽省,淮北市,,,http://www.hbzbcg.cn/hbweb/Default.aspx
http://www.ahhbjrw.com/,市金融办,安徽省,淮北市,,,http://www.ahhbjrw.com/
http://www.ah-n-tax.gov.cn/hbgsww/,市国税局,安徽省,淮北市,,,http://www.ah-n-tax.gov.cn/hbgsww/
http://60.166.52.36/huaibei/index.htm,市地税局,安徽省,淮北市,,,http://60.166.52.36/huaibei/index.htm
http://www.hb121.gov.cn/,市气象局,安徽省,淮北市,,,http://www.hb121.gov.cn/
http://ahciq.gov.cn/huaibei/,淮北出入境检验检疫,安徽省,淮北市,,,http://ahciq.gov.cn/huaibei/
http://www.bozhou.gov.cn/,亳州市,安徽省,亳州市,,,http://www.bozhou.gov.cn/
http://fgw.bozhou.gov.cn,市发改委（物价局,安徽省,亳州市,,,http://fgw.bozhou.gov.cn
http://www.abedu.net/,市教育局,安徽省,亳州市,,,http://www.abedu.net/
http://www.bzsmz.com/,市民族事务委员会,安徽省,亳州市,,,http://www.bzsmz.com/
http://bz.ahga.gov.cn/,市公安局,安徽省,亳州市,,,http://bz.ahga.gov.cn/
http://jxw.bozhou.gov.cn/,市经信委,安徽省,亳州市,,,http://jxw.bozhou.gov.cn/
http://www.bozhoumz.gov.cn/,市民政局,安徽省,亳州市,,,http://www.bozhoumz.gov.cn/
http://www.bzsfxz.gov.cn/,市司法局,安徽省,亳州市,,,http://www.bzsfxz.gov.cn/
http://cz.bozhou.gov.cn,市财政局,安徽省,亳州市,,,http://cz.bozhou.gov.cn
http://www.bzldbz.gov.cn/index.action,市人社局,安徽省,亳州市,,,http://www.bzldbz.gov.cn/index.action
http://www.ahbzgt.gov.cn/,市国土局,安徽省,亳州市,,,http://www.ahbzgt.gov.cn/
http://www.bzhbj.gov.cn/,市环保局,安徽省,亳州市,,,http://www.bzhbj.gov.cn/
http://zjw.bozhou.gov.cn,亳州市城乡建设委员会,安徽省,亳州市,,,http://zjw.bozhou.gov.cn
http://www.bzjiaotong.com,市交通运输局,安徽省,亳州市,,,http://www.bzjiaotong.com
http://www.ahbznw.gov.cn/,市农委,安徽省,亳州市,,,http://www.ahbznw.gov.cn/
http://www.bozhousw.gov.cn/,市水务局,安徽省,亳州市,,,http://www.bozhousw.gov.cn/
http://www.ahbzly.gov.cn/,市林业局,安徽省,亳州市,,,http://www.ahbzly.gov.cn/
http://www.bzslsj.gov.cn/,市粮食局,安徽省,亳州市,,,http://www.bzslsj.gov.cn/
http://bozhou.mofcom.gov.cn/index.shtml,市商务局,安徽省,亳州市,,,http://bozhou.mofcom.gov.cn/index.shtml
http://www.bzwhly.gov.cn/zw/,市文化旅游局,安徽省,亳州市,,,http://www.bzwhly.gov.cn/zw/
http://www.bzwsjsw.gov.cn/,市卫计委,安徽省,亳州市,,,http://www.bzwsjsw.gov.cn/
http://sjj.bozhou.gov.cn/,市审计局,安徽省,亳州市,,,http://sjj.bozhou.gov.cn/
http://www.ahbz-l-tax.gov.cn/,市地税局,安徽省,亳州市,,,http://www.ahbz-l-tax.gov.cn/
http://tyj.bozhou.gov.cn/,市体育局,安徽省,亳州市,,,http://tyj.bozhou.gov.cn/
http://tj.bozhou.gov.cn/,市统计局,安徽省,亳州市,,,http://tj.bozhou.gov.cn/
http://www.bzgs.gov.cn/,市工商局,安徽省,亳州市,,,http://www.bzgs.gov.cn/
http://www.bzqts.gov.cn/,亳州市质监局,安徽省,亳州市,,,http://www.bzqts.gov.cn/
http://cxghj.bozhou.gov.cn/,市城乡规划局,安徽省,亳州市,,,http://cxghj.bozhou.gov.cn/
http://www.bzztb.gov.cn/BZWZ/,亳州市公共资源交,安徽省,亳州市,,,http://www.bzztb.gov.cn/BZWZ/
http://bz.ada.gov.cn/,亳州市食品药品监督管理局 ,安徽省,亳州市,,,http://bz.ada.gov.cn/
http://www.bzanhuisafety.gov.cn/,市安监局,安徽省,亳州市,,,http://www.bzanhuisafety.gov.cn/
http://fgj.bozhou.gov.cn/,市房产局,安徽省,亳州市,,,http://fgj.bozhou.gov.cn/
http://www.bwcyy.gov.cn/,亳州芜湖现代产业,安徽省,亳州市,,,http://www.bwcyy.gov.cn/
http://bz.ahglj.com/pub/bzgl/,市公路局,安徽省,亳州市,,,http://bz.ahglj.com/pub/bzgl/
http://www.bzjjjc.gov.cn/,市监察局,安徽省,亳州市,,,http://www.bzjjjc.gov.cn/
http://ahbzgjj.cn/,市公积金中心,安徽省,亳州市,,,http://ahbzgjj.cn/
http://bz.wenming.cn/,亳州文明网,安徽省,亳州市,,,http://bz.wenming.cn/
http://www.bzdfz.cn/,党史研究室（市志,安徽省,亳州市,,,http://www.bzdfz.cn/
http://www.bzxfw.gov.cn/,市委组织部,安徽省,亳州市,,,http://www.bzxfw.gov.cn/
http://www.bzgqt.com/,亳州共青团,安徽省,亳州市,,,http://www.bzgqt.com/
http://www.gy.gov.cn/,涡阳县,安徽省,亳州市,涡阳县,,http://www.gy.gov.cn/
http://sfj.gy.gov.cn/,县司法局,安徽省,亳州市,涡阳县,,http://sfj.gy.gov.cn/
http://mzj.gy.gov.cn/,县民政局,安徽省,亳州市,涡阳县,,http://mzj.gy.gov.cn/
http://zsj.gy.gov.cn/,县招商局,安徽省,亳州市,涡阳县,,http://zsj.gy.gov.cn/
http://guoyang.mofcom.gov.cn/,县商务局,安徽省,亳州市,涡阳县,,http://guoyang.mofcom.gov.cn/
http://czj.gy.gov.cn/,县财政局,安徽省,亳州市,涡阳县,,http://czj.gy.gov.cn/
http://scj.gy.gov.cn/,县市场局,安徽省,亳州市,涡阳县,,http://scj.gy.gov.cn/
http://gtj.gy.gov.cn/,县国土局,安徽省,亳州市,涡阳县,,http://gtj.gy.gov.cn/
http://rsj.gy.gov.cn/,县人社局,安徽省,亳州市,涡阳县,,http://rsj.gy.gov.cn/
http://jkq.gy.gov.cn/,县经开区,安徽省,亳州市,涡阳县,,http://jkq.gy.gov.cn/
http://hbj.gy.gov.cn/,县环保局,安徽省,亳州市,涡阳县,,http://hbj.gy.gov.cn/
http://zjw.gy.gov.cn/,县住建委,安徽省,亳州市,涡阳县,,http://zjw.gy.gov.cn/
http://jtj.gy.gov.cn/,县交通运输局,安徽省,亳州市,涡阳县,,http://jtj.gy.gov.cn/
http://fcj.gy.gov.cn/,县房产局,安徽省,亳州市,涡阳县,,http://fcj.gy.gov.cn/
http://www.mengcheng.gov.cn,蒙城县,安徽省,亳州市,蒙城县,,http://www.mengcheng.gov.cn
http://fgw.mengcheng.gov.cn/,县发改委,安徽省,亳州市,蒙城县,,http://fgw.mengcheng.gov.cn/
http://sjj.mengcheng.gov.cn/,县审计局,安徽省,亳州市,蒙城县,,http://sjj.mengcheng.gov.cn/
http://tjj.mengcheng.gov.cn,县统计局,安徽省,亳州市,蒙城县,,http://tjj.mengcheng.gov.cn
http://czj.mengcheng.gov.cn,县财政局,安徽省,亳州市,蒙城县,,http://czj.mengcheng.gov.cn
http://mzj.mengcheng.gov.cn,县民政局,安徽省,亳州市,蒙城县,,http://mzj.mengcheng.gov.cn
http://rsj.mengcheng.gov.cn,县人社局,安徽省,亳州市,蒙城县,,http://rsj.mengcheng.gov.cn
http://jyj.mengcheng.gov.cn/,县教育局,安徽省,亳州市,蒙城县,,http://jyj.mengcheng.gov.cn/
http://xfj.mengcheng.gov.cn,县信访局,安徽省,亳州市,蒙城县,,http://xfj.mengcheng.gov.cn
http://anjj.mengcheng.gov.cn/,县安监局,安徽省,亳州市,蒙城县,,http://anjj.mengcheng.gov.cn/
http://gtj.mengcheng.gov.cn,县国土局,安徽省,亳州市,蒙城县,,http://gtj.mengcheng.gov.cn
http://cg.mengcheng.gov.cn,县城管局,安徽省,亳州市,蒙城县,,http://cg.mengcheng.gov.cn
http://gqt.mengcheng.gov.cn,县共青团,安徽省,亳州市,蒙城县,,http://gqt.mengcheng.gov.cn
http://www.ahnjh.gov.cn/subarea/mcnjh/,县农机局,安徽省,亳州市,蒙城县,,http://www.ahnjh.gov.cn/subarea/mcnjh/
http://shwj.mengcheng.gov.cn,县水务局,安徽省,亳州市,蒙城县,,http://shwj.mengcheng.gov.cn
http://sfj.mengcheng.gov.cn,县司法局,安徽省,亳州市,蒙城县,,http://sfj.mengcheng.gov.cn
http://wmw.mengcheng.gov.cn,文明网,安徽省,亳州市,蒙城县,,http://wmw.mengcheng.gov.cn
http://scjg.mengcheng.gov.cn/,县市场监督管理局,安徽省,亳州市,蒙城县,,http://scjg.mengcheng.gov.cn/
http://lsj.mengcheng.gov.cn,县粮食局,安徽省,亳州市,蒙城县,,http://lsj.mengcheng.gov.cn
http://swj.mengcheng.gov.cn,县商务局,安徽省,亳州市,蒙城县,,http://swj.mengcheng.gov.cn
http://daj.mengcheng.gov.cn,县档案局,安徽省,亳州市,蒙城县,,http://daj.mengcheng.gov.cn
http://wtlyj.mengcheng.gov.cn,县文体旅局,安徽省,亳州市,蒙城县,,http://wtlyj.mengcheng.gov.cn
http://glj.mengcheng.gov.cn,公路分局,安徽省,亳州市,蒙城县,,http://glj.mengcheng.gov.cn
http://wjw.mengcheng.gov.cn/,县卫计委,安徽省,亳州市,蒙城县,,http://wjw.mengcheng.gov.cn/
http://jkq.mengcheng.gov.cn,经济开发区,安徽省,亳州市,蒙城县,,http://jkq.mengcheng.gov.cn
http://lyj.mengcheng.gov.cn/,县林业局,安徽省,亳州市,蒙城县,,http://lyj.mengcheng.gov.cn/
http://jtj.mengcheng.gov.cn/,县交通局,安徽省,亳州市,蒙城县,,http://jtj.mengcheng.gov.cn/
http://lgbj.mengcheng.gov.cn,县委老干部局,安徽省,亳州市,蒙城县,,http://lgbj.mengcheng.gov.cn
http://hbj.mengcheng.gov.cn,县环保局,安徽省,亳州市,蒙城县,,http://hbj.mengcheng.gov.cn
http://gxs.mengcheng.gov.cn,县供销社,安徽省,亳州市,蒙城县,,http://gxs.mengcheng.gov.cn
http://zjw.mengcheng.gov.cn/,县住建委,安徽省,亳州市,蒙城县,,http://zjw.mengcheng.gov.cn/
http://wj.mengcheng.gov.cn,王集乡,安徽省,亳州市,蒙城县,王集乡,http://wj.mengcheng.gov.cn
http://xt.mengcheng.gov.cn/,许疃镇,安徽省,亳州市,蒙城县,许疃镇,http://xt.mengcheng.gov.cn/
http://cgz.mengcheng.gov.cn,城关镇,安徽省,亳州市,蒙城县,城关镇,http://cgz.mengcheng.gov.cn
http://qy.mengcheng.gov.cn,漆园办事处,安徽省,亳州市,蒙城县,漆园办事处,http://qy.mengcheng.gov.cn
http://zz.mengcheng.gov.cn,庄周办事处,安徽省,亳州市,蒙城县,庄周办事处,http://zz.mengcheng.gov.cn
http://yf.mengcheng.gov.cn,岳坊镇,安徽省,亳州市,蒙城县,岳坊镇,http://yf.mengcheng.gov.cn
http://xxj.mengcheng.gov.cn,小辛集乡,安徽省,亳州市,蒙城县,小辛集乡,http://xxj.mengcheng.gov.cn
http://sy.mengcheng.gov.cn,三义镇,安徽省,亳州市,蒙城县,三义镇,http://sy.mengcheng.gov.cn
http://xj.mengcheng.gov.cn,小涧镇,安徽省,亳州市,蒙城县,小涧镇,http://xj.mengcheng.gov.cn
http://sj.mengcheng.gov.cn,双涧镇,安徽省,亳州市,蒙城县,双涧镇,http://sj.mengcheng.gov.cn
http://lb.mengcheng.gov.cn/,篱笆镇,安徽省,亳州市,蒙城县,篱笆镇,http://lb.mengcheng.gov.cn/
http://mj.mengcheng.gov.cn/,马集镇,安徽省,亳州市,蒙城县,马集镇,http://mj.mengcheng.gov.cn/
http://bq.mengcheng.gov.cn/,板桥集镇,安徽省,亳州市,蒙城县,板桥集镇,http://bq.mengcheng.gov.cn/
http://lt.mengcheng.gov.cn,乐土镇,安徽省,亳州市,蒙城县,乐土镇,http://lt.mengcheng.gov.cn
http://lc.mengcheng.gov.cn/,立仓镇,安徽省,亳州市,蒙城县,立仓镇,http://lc.mengcheng.gov.cn/
http://tc.mengcheng.gov.cn/,坛城镇,安徽省,亳州市,蒙城县,坛城镇,http://tc.mengcheng.gov.cn/
http://cc.mengcheng.gov.cn,楚村镇,安徽省,亳州市,蒙城县,楚村镇,http://cc.mengcheng.gov.cn
http://www.lixin.gov.cn/,利辛县,安徽省,亳州市,利辛县,,http://www.lixin.gov.cn/
http://bzlx.ahga.gov.cn/,利辛县公安局,安徽省,亳州市,利辛县,,http://bzlx.ahga.gov.cn/
http://www.lxfpb.gov.cn/,利辛县扶贫办,安徽省,亳州市,利辛县,,http://www.lxfpb.gov.cn/
http://www.lixinsafety.gov.cn/,利辛县安监局,安徽省,亳州市,利辛县,,http://www.lixinsafety.gov.cn/
http://www.ahnjh.gov.cn/subarea/LX/,利辛县农机局,安徽省,亳州市,利辛县,,http://www.ahnjh.gov.cn/subarea/LX/
http://czj.lixin.gov.cn/,利辛县财政局,安徽省,亳州市,利辛县,,http://czj.lixin.gov.cn/
http://jxw.lixin.gov.cn/,利辛县经信委,安徽省,亳州市,利辛县,,http://jxw.lixin.gov.cn/
http://www.bzqc.gov.cn/,谯城区,安徽省,亳州市,谯城区,,http://www.bzqc.gov.cn/
http://wjw.bzqc.gov.cn/,区卫计委,安徽省,亳州市,谯城区,,http://wjw.bzqc.gov.cn/
http://qcgt.bzqc.gov.cn/,区国土局,安徽省,亳州市,谯城区,,http://qcgt.bzqc.gov.cn/
http://czj.bzqc.gov.cn/,区财政局,安徽省,亳州市,谯城区,,http://czj.bzqc.gov.cn/
http://rsj.bzqc.gov.cn/,区人社局,安徽省,亳州市,谯城区,,http://rsj.bzqc.gov.cn/
http://wtlj.bzqc.gov.cn/,区文体旅局,安徽省,亳州市,谯城区,,http://wtlj.bzqc.gov.cn/
http://sfj.bzqc.gov.cn/,区司法局,安徽省,亳州市,谯城区,,http://sfj.bzqc.gov.cn/
http://jyj.bzqc.gov.cn/,区教育局,安徽省,亳州市,谯城区,,http://jyj.bzqc.gov.cn/
http://www.bz.ah119.cn/xiaofang/,消防支队,安徽省,亳州市,,,http://www.bz.ah119.cn/xiaofang/
http://ahbz.spb.gov.cn/,市邮政管理局,安徽省,亳州市,,,http://ahbz.spb.gov.cn/
http://www.bzzgh.com/,市总工会,安徽省,亳州市,,,http://www.bzzgh.com/
http://www.ahbzdpf.org.cn/welcome/index.php,市残联,安徽省,亳州市,,,http://www.ahbzdpf.org.cn/welcome/index.php
http://www.bzzy.gov.cn/,市中级人民法院,安徽省,亳州市,,,http://www.bzzy.gov.cn/
http://www.bozhou.jcy.gov.cn/,市人民检察院,安徽省,亳州市,,,http://www.bozhou.jcy.gov.cn/
http://www.ah-n-tax.gov.cn/bzgsww/,市国家税务局,安徽省,亳州市,,,http://www.ah-n-tax.gov.cn/bzgsww/
http://www.bzqx.gov.cn/,市气象局,安徽省,亳州市,,,http://www.bzqx.gov.cn/
http://www.ahyc.com.cn/web/bzsgs/index.html,市烟草专卖局,安徽省,亳州市,,,http://www.ahyc.com.cn/web/bzsgs/index.html
http://www.ahnjh.gov.cn/subarea/BZ,市农机局,安徽省,亳州市,,,http://www.ahnjh.gov.cn/subarea/BZ
http://www.ahsz.gov.cn/,宿州市,安徽省,宿州市,,,http://www.ahsz.gov.cn/
http://fagaiwei.ahsz.gov.cn/,市发展改革委员会,安徽省,宿州市,,,http://fagaiwei.ahsz.gov.cn/
http://www.ahszec.gov.cn/,市经济和信息化委员会,安徽省,宿州市,,,http://www.ahszec.gov.cn/
http://www.szjy.gov.cn/,市教体局,安徽省,宿州市,,,http://www.szjy.gov.cn/
http://www.ahszkj.gov.cn/content/,市科学技术局,安徽省,宿州市,,,http://www.ahszkj.gov.cn/content/
http://minwei.ahsz.gov.cn/,市民族事务委员会,安徽省,宿州市,,,http://minwei.ahsz.gov.cn/
http://sz.ahga.gov.cn/,市公安局,安徽省,宿州市,,,http://sz.ahga.gov.cn/
http://www.szjjjc.gov.cn/,市监察局,安徽省,宿州市,,,http://www.szjjjc.gov.cn/
http://www.ahszmz.gov.cn/,市民政局,安徽省,宿州市,,,http://www.ahszmz.gov.cn/
http://www.szsfj.gov.cn/,市司法局,安徽省,宿州市,,,http://www.szsfj.gov.cn/
http://www.szczj.gov.cn/index.html,市财政局,安徽省,宿州市,,,http://www.szczj.gov.cn/index.html
http://www.ahsz.hrss.gov.cn/,市人力资源和社会保障局,安徽省,宿州市,,,http://www.ahsz.hrss.gov.cn/
http://www.szgt.gov.cn/,市国土资源局,安徽省,宿州市,,,http://www.szgt.gov.cn/
http://jianwei.ahsz.gov.cn/,市住房和城乡建设委员会,安徽省,宿州市,,,http://jianwei.ahsz.gov.cn/
http://jtj.ahsz.gov.cn/,市交通运输局,安徽省,宿州市,,,http://jtj.ahsz.gov.cn/
http://www.ahszly.gov.cn/,市林业局,安徽省,宿州市,,,http://www.ahszly.gov.cn/
http://suzhou.mofcom.gov.cn/,市商务局,安徽省,宿州市,,,http://suzhou.mofcom.gov.cn/
http://www.whsz.org/,市文广新局,安徽省,宿州市,,,http://www.whsz.org/
http://www.ahszwjw.gov.cn/,市卫计委,安徽省,宿州市,,,http://www.ahszwjw.gov.cn/
http://www.szsjj.gov.cn/,市审计局,安徽省,宿州市,,,http://www.szsjj.gov.cn/
http://tongji.ahsz.gov.cn/,市统计局,安徽省,宿州市,,,http://tongji.ahsz.gov.cn/
http://www.szanhuisafety.gov.cn/,市安全生产监督管理局,安徽省,宿州市,,,http://www.szanhuisafety.gov.cn/
http://www.ahszls.gov.cn/,市粮食局,安徽省,宿州市,,,http://www.ahszls.gov.cn/
http://www.ahszcg.gov.cn/,市城市管理局,安徽省,宿州市,,,http://www.ahszcg.gov.cn/
http://sz.ahrfb.gov.cn/,市人民防空办公室,安徽省,宿州市,,,http://sz.ahrfb.gov.cn/
http://fzb.ahsz.gov.cn/,市法制办公室,安徽省,宿州市,,,http://fzb.ahsz.gov.cn/
http://www.ahszxz.gov.cn/,市政务服务中心,安徽省,宿州市,,,http://www.ahszxz.gov.cn/
http://www.ahszny.gov.cn,市农业委员会,安徽省,宿州市,,,http://www.ahszny.gov.cn
http://www.ahszepb.gov.cn/,市环境保护局,安徽省,宿州市,,,http://www.ahszepb.gov.cn/
http://www.ahszkfq.gov.cn,宿州经济技术开发区,安徽省,宿州市,经济技术开发区,,http://www.ahszkfq.gov.cn
http://www.szyq.gov.cn/,桥区人民政府网站,安徽省,宿州市,桥区,,http://www.szyq.gov.cn/
http://www.yqqrsj.gov.cn/,宿州市桥区人力资源和社会保障局?,安徽省,宿州市,桥区,,http://www.yqqrsj.gov.cn/
http://rd.szyq.gov.cn/,人大,安徽省,宿州市,桥区,,http://rd.szyq.gov.cn/
http://www.yqjjjc.gov.cn/,纪检监察网,安徽省,宿州市,桥区,,http://www.yqjjjc.gov.cn/
http://www.yqggzx.cn/yqweb/,宿州市桥区公共资源交易管理中心,安徽省,宿州市,桥区,,http://www.yqggzx.cn/yqweb/
http://yqsj.szyq.gov.cn/,审计局,安徽省,宿州市,桥区,,http://yqsj.szyq.gov.cn/
http://jtj.szyq.gov.cn/,宿州市桥区教育体育局,安徽省,宿州市,桥区,,http://jtj.szyq.gov.cn/
http://xxgkold.szyq.gov.cn/,桥区信息公开网,安徽省,宿州市,桥区,,http://xxgkold.szyq.gov.cn/
http://www.szzxqy.com.cn/,宿州市桥区中小企业中心,安徽省,宿州市,桥区,,http://www.szzxqy.com.cn/
http://fwzsb.szyq.gov.cn/,桥区房屋征收办公室?,安徽省,宿州市,桥区,,http://fwzsb.szyq.gov.cn/
http://www.ahyqgsl.gov.cn/,宿州市桥区工商联?,安徽省,宿州市,桥区,,http://www.ahyqgsl.gov.cn/
http://www.ahxx.gov.cn/,萧县人民政府网站,安徽省,宿州市,萧县,,http://www.ahxx.gov.cn/
http://scjdj.ahxx.gov.cn/,县市场监管局,安徽省,宿州市,萧县,,http://scjdj.ahxx.gov.cn/
http://gtj.ahxx.gov.cn/,县国土资源局,安徽省,宿州市,萧县,,http://gtj.ahxx.gov.cn/
http://www.xxjj.gov.cn,县交警大队,安徽省,宿州市,萧县,,http://www.xxjj.gov.cn
http://sjj.ahxx.gov.cn/,县审计局,安徽省,宿州市,萧县,,http://sjj.ahxx.gov.cn/
http://rsj.ahxx.gov.cn/,县人力资源和社会保障局,安徽省,宿州市,萧县,,http://rsj.ahxx.gov.cn/
http://kjj.ahxx.gov.cn/,县科学技术局,安徽省,宿州市,萧县,,http://kjj.ahxx.gov.cn/
http://jtj.ahxx.gov.cn/,县教育局,安徽省,宿州市,萧县,,http://jtj.ahxx.gov.cn/
http://oa.ahxf.gov.cn/xxg/Skin/Skin9/?WebID=520,石林乡,安徽省,宿州市,萧县,石林乡,http://oa.ahxf.gov.cn/xxg/Skin/Skin9/?WebID=520
http://oa.ahxf.gov.cn/xxg/Skin/Skin9/?WebID=528,官桥镇,安徽省,宿州市,萧县,官桥镇,http://oa.ahxf.gov.cn/xxg/Skin/Skin9/?WebID=528
http://oa.ahxf.gov.cn/xxg/Skin/Skin2/?WebID=256,庄里乡,安徽省,宿州市,萧县,庄里乡,http://oa.ahxf.gov.cn/xxg/Skin/Skin2/?WebID=256
http://oa.ahxf.gov.cn/xxg/Skin/Skin9/?WebID=255,白土镇,安徽省,宿州市,萧县,白土镇,http://oa.ahxf.gov.cn/xxg/Skin/Skin9/?WebID=255
http://yg.web.ahxf.gov.cn/,永卣,安徽省,宿州市,萧县,永卣,http://yg.web.ahxf.gov.cn/
http://oa.ahxf.gov.cn/xxg/Skin/Skin1/?WebID=253,丁里镇,安徽省,宿州市,萧县,丁里镇,http://oa.ahxf.gov.cn/xxg/Skin/Skin1/?WebID=253
http://oa.ahxf.gov.cn/xxg/Skin/Skin18/?WebID=519,王寨镇,安徽省,宿州市,萧县,王寨镇,http://oa.ahxf.gov.cn/xxg/Skin/Skin18/?WebID=519
http://oa.ahxf.gov.cn/xxg/Skin/Skin9/?WebID=261,孙圩子乡,安徽省,宿州市,萧县,孙圩子乡,http://oa.ahxf.gov.cn/xxg/Skin/Skin9/?WebID=261
http://sc.ahxf.gov.cn/,县委组织部,安徽省,宿州市,萧县,,http://sc.ahxf.gov.cn/
http://oa.ahxf.gov.cn/xxg/Skin/Skin9/?WebID=526,酒店乡,安徽省,宿州市,萧县,酒店乡,http://oa.ahxf.gov.cn/xxg/Skin/Skin9/?WebID=526
http://oa.ahxf.gov.cn/xxg/Skin/Skin7/?WebID=513,大屯镇,安徽省,宿州市,萧县,大屯镇,http://oa.ahxf.gov.cn/xxg/Skin/Skin7/?WebID=513
http://oa.ahxf.gov.cn/xxg/Skin/Skin9/?WebID=260,杜楼镇,安徽省,宿州市,萧县,杜楼镇,http://oa.ahxf.gov.cn/xxg/Skin/Skin9/?WebID=260
http://oa.ahxf.gov.cn/xxg/Skin/Skin9/?WebID=531,马井镇,安徽省,宿州市,萧县,马井镇,http://oa.ahxf.gov.cn/xxg/Skin/Skin9/?WebID=531
http://oa.ahxf.gov.cn/xxg/Skin/Skin1/?WebID=259,圣泉乡,安徽省,宿州市,萧县,圣泉乡,http://oa.ahxf.gov.cn/xxg/Skin/Skin1/?WebID=259
http://oa.ahxf.gov.cn/xxg/Skin/Skin1/?WebID=515,刘套镇,安徽省,宿州市,萧县,刘套镇,http://oa.ahxf.gov.cn/xxg/Skin/Skin1/?WebID=515
http://oa.ahxf.gov.cn/xxg/Skin/Skin9/?WebID=516,闫集镇,安徽省,宿州市,萧县,闫集镇,http://oa.ahxf.gov.cn/xxg/Skin/Skin9/?WebID=516
http://oa.ahxf.gov.cn/xxg/Skin/Skin9/?WebID=518,赵庄镇,安徽省,宿州市,萧县,赵庄镇,http://oa.ahxf.gov.cn/xxg/Skin/Skin9/?WebID=518
http://oa.ahxf.gov.cn/xxg/Skin/Skin1/?WebID=1792,新庄镇,安徽省,宿州市,萧县,新庄镇,http://oa.ahxf.gov.cn/xxg/Skin/Skin1/?WebID=1792
http://oa.ahxf.gov.cn/xxg/Skin/Skin1/?WebID=262,杨楼镇,安徽省,宿州市,萧县,杨楼镇,http://oa.ahxf.gov.cn/xxg/Skin/Skin1/?WebID=262
http://oa.ahxf.gov.cn/xxg/Skin/Skin9/?WebID=530,黄口镇,安徽省,宿州市,萧县,黄口镇,http://oa.ahxf.gov.cn/xxg/Skin/Skin9/?WebID=530
http://xxlcz.ahxf.gov.cn/,龙城镇,安徽省,宿州市,萧县,龙城镇,http://xxlcz.ahxf.gov.cn/
http://www.dangshan.gov.cn/,砀山县人民政府网站,安徽省,宿州市,砀山县,,http://www.dangshan.gov.cn/
http://www.dangshan.gov.cn/index.php/Unit/index/unit_code/LC011,财政局,安徽省,宿州市,砀山县,,http://www.dangshan.gov.cn/index.php/Unit/index/unit_code/LC011
http://www.dangshan.gov.cn/index.php/Unit/index/unit_code/LC014,国土局,安徽省,宿州市,砀山县,,http://www.dangshan.gov.cn/index.php/Unit/index/unit_code/LC014
http://www.dangshan.gov.cn/index.php/Unit/index/unit_code/LC009,民政局,安徽省,宿州市,砀山县,,http://www.dangshan.gov.cn/index.php/Unit/index/unit_code/LC009
http://www.dangshan.gov.cn/index.php/Unit/index/unit_code/LC021,商务局,安徽省,宿州市,砀山县,,http://www.dangshan.gov.cn/index.php/Unit/index/unit_code/LC021
http://www.dangshan.gov.cn/index.php/Unit/index/unit_code/LC015,住建局,安徽省,宿州市,砀山县,,http://www.dangshan.gov.cn/index.php/Unit/index/unit_code/LC015
http://www.dangshan.gov.cn/index.php/Unit/index/unit_code/LC028,环保局,安徽省,宿州市,砀山县,,http://www.dangshan.gov.cn/index.php/Unit/index/unit_code/LC028
http://www.dangshan.gov.cn/index.php/Unit/index/unit_code/LC020,林业局,安徽省,宿州市,砀山县,,http://www.dangshan.gov.cn/index.php/Unit/index/unit_code/LC020
http://www.dangshan.gov.cn/index.php/Unit/index/unit_code/LC013,人社局,安徽省,宿州市,砀山县,,http://www.dangshan.gov.cn/index.php/Unit/index/unit_code/LC013
http://www.dangshan.gov.cn/index.php/Unit/index/unit_code/LC025,审计局,安徽省,宿州市,砀山县,,http://www.dangshan.gov.cn/index.php/Unit/index/unit_code/LC025
http://www.dangshan.gov.cn/index.php/Unit/index/unit_code/LC023,卫计委,安徽省,宿州市,砀山县,,http://www.dangshan.gov.cn/index.php/Unit/index/unit_code/LC023
http://www.dangshan.gov.cn/index.php/Unit/index/unit_code/LC004,教育体育局,安徽省,宿州市,砀山县,,http://www.dangshan.gov.cn/index.php/Unit/index/unit_code/LC004
http://www.dangshan.gov.cn/index.php/Unit/index/unit_code/LC915,薛楼工业园区,安徽省,宿州市,砀山县,,http://www.dangshan.gov.cn/index.php/Unit/index/unit_code/LC915
http://www.dangshan.gov.cn/index.php/Unit/index/unit_code/LC916,高铁新区,安徽省,宿州市,砀山县,,http://www.dangshan.gov.cn/index.php/Unit/index/unit_code/LC916
http://www.dangshan.gov.cn/index.php/Unit/index/unit_code/LC914,经济开发区,安徽省,宿州市,砀山县,,http://www.dangshan.gov.cn/index.php/Unit/index/unit_code/LC914
http://www.dangshan.gov.cn/index.php/Unit/index/unit_code/LC902,李庄镇,安徽省,宿州市,砀山县,,http://www.dangshan.gov.cn/index.php/Unit/index/unit_code/LC902
http://www.dangshan.gov.cn/index.php/Unit/index/unit_code/LC041,政务服务中心,安徽省,宿州市,砀山县,,http://www.dangshan.gov.cn/index.php/Unit/index/unit_code/LC041
http://www.dangshan.gov.cn/index.php/Unit/index/unit_code/LC072,砀山县中小微企业及试验区建设服务平台,安徽省,宿州市,砀山县,,http://www.dangshan.gov.cn/index.php/Unit/index/unit_code/LC072
http://www.lbrsj.com/,灵璧县人力资源和社会保障局?,安徽省,宿州市,灵璧县,,http://www.lbrsj.com/
http://www.lblzw.gov.cn/,中共（灵璧县）纪律检查委员会 （灵璧县）监察局,安徽省,宿州市,灵璧县,,http://www.lblzw.gov.cn/
http://www.lbzbcgzx.com/lbztb/,灵璧县招标采购中心,安徽省,宿州市,灵璧县,,http://www.lbzbcgzx.com/lbztb/
http://lbzx.lbca.gov.cn/,政协,安徽省,宿州市,灵璧县,,http://lbzx.lbca.gov.cn/
http://www.lbzfcg.gov.cn/IndexViewController.do?method=index,政府采购网,安徽省,宿州市,灵璧县,,http://www.lbzfcg.gov.cn/IndexViewController.do?method=index
http://szlbfy.chinacourt.org/index.shtml,法院,安徽省,宿州市,灵璧县,,http://szlbfy.chinacourt.org/index.shtml
http://www.ahlingbi.jcy.gov.cn/,检察院,安徽省,宿州市,灵璧县,,http://www.ahlingbi.jcy.gov.cn/
http://www.lbscjgj.gov.cn/,灵璧县市场监管信息网,安徽省,宿州市,灵璧县,,http://www.lbscjgj.gov.cn/
http://ahlbly.gov.cn/,灵璧县林业局???,安徽省,宿州市,灵璧县,,http://ahlbly.gov.cn/
http://www.lbca.gov.cn/pages/index.aspx,灵璧政法委主办,安徽省,宿州市,灵璧县,,http://www.lbca.gov.cn/pages/index.aspx
http://www.lbfz.gov.cn/,灵璧县政府法制网,安徽省,宿州市,灵璧县,,http://www.lbfz.gov.cn/
http://cz.lingbi.gov.cn/,灵璧县财政局,安徽省,宿州市,灵璧县,,http://cz.lingbi.gov.cn/
http://www.ahsx.gov.cn/,泗县人民政府网站,安徽省,宿州市,泗县,,http://www.ahsx.gov.cn/
http://sxxnw.ahsx.gov.cn/,泗县效能网,安徽省,宿州市,泗县,,http://sxxnw.ahsx.gov.cn/
http://ahsx.ahxf.gov.cn/,先锋网,安徽省,宿州市,泗县,,http://ahsx.ahxf.gov.cn/
http://szsx.ahga.gov.cn/,公安局,安徽省,宿州市,泗县,,http://szsx.ahga.gov.cn/
http://www.sixianzfcg.gov.cn,政府采购网,安徽省,宿州市,泗县,,http://www.sixianzfcg.gov.cn
http://wjw.ahsx.gov.cn/,泗县卫生和计划委员会,安徽省,宿州市,泗县,,http://wjw.ahsx.gov.cn/
http://sxjjw.gov.cn/,纪检监察网,安徽省,宿州市,泗县,,http://sxjjw.gov.cn/
http://fpw.ahsx.gov.cn/,扶贫开发信息网,安徽省,宿州市,泗县,,http://fpw.ahsx.gov.cn/
http://ggzy.ahsx.gov.cn/,泗县公共资源交易网,安徽省,宿州市,泗县,,http://ggzy.ahsx.gov.cn/
http://renda.ahsx.gov.cn/,人大,安徽省,宿州市,泗县,,http://renda.ahsx.gov.cn/
http://www.ahsxzxw.gov.cn,政协,安徽省,宿州市,泗县,,http://www.ahsxzxw.gov.cn
http://www.shoescity.gov.cn/,中国现代制鞋产业城,安徽省,宿州市,,,http://www.shoescity.gov.cn/
http://szgxq.gov.cn/,高新技术产业开发区,安徽省,宿州市,高新技术产业开发区,,http://szgxq.gov.cn/
http://www.szfn.gov.cn/,市妇联,安徽省,宿州市,,,http://www.szfn.gov.cn/
http://www.ahszzgh.org/,宿州市总工会,安徽省,宿州市,,,http://www.ahszzgh.org/
http://www.ah-n-tax.gov.cn/szgsww/,市国税局,安徽省,宿州市,,,http://www.ah-n-tax.gov.cn/szgsww/
http://www.ahszgjj.gov.cn/,市住房公积金管理中心,安徽省,宿州市,,,http://www.ahszgjj.gov.cn/
http://www.ahnjh.gov.cn/subarea/SZ/,农业机械化管理局,安徽省,宿州市,,,http://www.ahnjh.gov.cn/subarea/SZ/
http://60.166.52.36/suzhou,市地税局,安徽省,宿州市,,,http://60.166.52.36/suzhou
http://www.sz.ah119.cn/xiaofang/,宿州市消防支队,安徽省,宿州市,,,http://www.sz.ah119.cn/xiaofang/
http://www.ahszredcross.org.cn/,宿州市红十字会,安徽省,宿州市,,,http://www.ahszredcross.org.cn/
http://www.ahszjj.gov.cn/,市交警支队,安徽省,宿州市,,,http://www.ahszjj.gov.cn/
http://www.szwsjd.cn/,市卫生监督局,安徽省,宿州市,,,http://www.szwsjd.cn/
http://zhijian.ahsz.gov.cn/,市质量技术监督局,安徽省,宿州市,,,http://zhijian.ahsz.gov.cn/
http://www.ahszmsa.cn/,市地方海事局,安徽省,宿州市,,,http://www.ahszmsa.cn/
http://www.ahaic-szh.gov.cn:10038/wps/portal,市工商局,安徽省,宿州市,,,http://www.ahaic-szh.gov.cn:10038/wps/portal
http://www.szkx.gov.cn/,市科协,安徽省,宿州市,,,http://www.szkx.gov.cn/
http://ylc.ahsz.gov.cn/news/index.asp,园林管理处,安徽省,宿州市,,,http://ylc.ahsz.gov.cn/news/index.asp
http://sz.ada.gov.cn/,市食品药品监督局,安徽省,宿州市,,,http://sz.ada.gov.cn/
http://www.szfd.gov.cn/,市房地产管理局,安徽省,宿州市,,,http://www.szfd.gov.cn/
http://www.szcjrlhh.com/,市残疾人联合会,安徽省,宿州市,,,http://www.szcjrlhh.com/
http://www.ahszcoop.gov.cn/html/gxs/index.html,市供销合作社联合社,安徽省,宿州市,,,http://www.ahszcoop.gov.cn/html/gxs/index.html
http://www.bengbu.gov.cn/,蚌埠市,安徽省,蚌埠市,,,http://www.bengbu.gov.cn/
http://dpc.bb.ah.cn/,市发展和改革委员,安徽省,蚌埠市,,,http://dpc.bb.ah.cn/
http://www.bbjy.com/,市教育局,安徽省,蚌埠市,,,http://www.bbjy.com/
http://www.bbsti.gov.cn/,市科技局,安徽省,蚌埠市,,,http://www.bbsti.gov.cn/
http://www.bbec.gov.cn/,市经济和信息化委,安徽省,蚌埠市,,,http://www.bbec.gov.cn/
http://bb.ahga.gov.cn/,市公安局,安徽省,蚌埠市,,,http://bb.ahga.gov.cn/
http://www.ahbbjjjc.gov.cn,市监察局,安徽省,蚌埠市,,,http://www.ahbbjjjc.gov.cn
http://www.bbmz.gov.cn/,市民政局,安徽省,蚌埠市,,,http://www.bbmz.gov.cn/
http://www.bbsf.gov.cn/,市司法局,安徽省,蚌埠市,,,http://www.bbsf.gov.cn/
http://www.bbcz.gov.cn/,市财政局,安徽省,蚌埠市,,,http://www.bbcz.gov.cn/
http://www.ahbbhrss.gov.cn/web/,市人力资源和社会,安徽省,蚌埠市,,,http://www.ahbbhrss.gov.cn/web/
http://www.bbsgtj.gov.cn/web/index.aspx,市国土资源局,安徽省,蚌埠市,,,http://www.bbsgtj.gov.cn/web/index.aspx
http://www.bbepb.gov.cn/,市环境保护局,安徽省,蚌埠市,,,http://www.bbepb.gov.cn/
http://www.bbstyj.gov.cn/,市体育局,安徽省,蚌埠市,,,http://www.bbstyj.gov.cn/
http://www.bbjw.gov.cn/,市住房和城乡建设,安徽省,蚌埠市,,,http://www.bbjw.gov.cn/
http://www.ahbbjt.gov.cn/,市交通运输局,安徽省,蚌埠市,,,http://www.ahbbjt.gov.cn/
http://nlw.bengbu.gov.cn/,市农林委,安徽省,蚌埠市,,,http://nlw.bengbu.gov.cn/
http://www.bbsl.gov.cn/,市水利局,安徽省,蚌埠市,,,http://www.bbsl.gov.cn/
http://www.bbswj.gov.cn/,市商务外事局,安徽省,蚌埠市,,,http://www.bbswj.gov.cn/
http://www.bbgh.gov.cn/,市城乡规划局,安徽省,蚌埠市,,,http://www.bbgh.gov.cn/
http://www.bbswjw.gov.cn/,市卫生计生委,安徽省,蚌埠市,,,http://www.bbswjw.gov.cn/
http://www.bbgszj.gov.cn/,市工商质监局,安徽省,蚌埠市,,,http://www.bbgszj.gov.cn/
http://bbssjj.bengbu.gov.cn/,市审计局,安徽省,蚌埠市,,,http://bbssjj.bengbu.gov.cn/
http://www.bbcg.gov.cn/,市城市管理行政执,安徽省,蚌埠市,,,http://www.bbcg.gov.cn/
http://www.bbsafety.gov.cn/,市安全生产监管局,安徽省,蚌埠市,,,http://www.bbsafety.gov.cn/
http://bbtjj.ahbb.net/,市统计局,安徽省,蚌埠市,,,http://bbtjj.ahbb.net/
http://bb.ada.gov.cn/,市食品药品监管局,安徽省,蚌埠市,,,http://bb.ada.gov.cn/
http://www.bbrf.gov.cn,市人防办(地震局),安徽省,蚌埠市,,,http://www.bbrf.gov.cn
http://www.bbfzb.gov.cn/,市政府法制办公室,安徽省,蚌埠市,,,http://www.bbfzb.gov.cn/
http://zsj.bb.ah.cn/,市招商局,安徽省,蚌埠市,,,http://zsj.bb.ah.cn/
http://www.bbmwzjj.gov.cn/,市民委（宗教局）,安徽省,蚌埠市,,,http://www.bbmwzjj.gov.cn/
http://www.bbcoop.cn/,市供销社,安徽省,蚌埠市,,,http://www.bbcoop.cn/
http://zfgjj.bb.ah.cn/,市住房公积金管理,安徽省,蚌埠市,,,http://zfgjj.bb.ah.cn/
http://www.bbxzfw.gov.cn/,市政务服务中心,安徽省,蚌埠市,,,http://www.bbxzfw.gov.cn/
http://www.bbcanlian.org.cn/welcome/,市残疾人联合会,安徽省,蚌埠市,,,http://www.bbcanlian.org.cn/welcome/
http://www.ah-n-tax.gov.cn/bbgsww/,市国家税务局,安徽省,蚌埠市,,,http://www.ah-n-tax.gov.cn/bbgsww/
http://www.ahbb-l-tax.gov.cn,市地方税务局,安徽省,蚌埠市,,,http://www.ahbb-l-tax.gov.cn
http://www.bbqxj.cn/,市气象局,安徽省,蚌埠市,,,http://www.bbqxj.cn/
http://bbjrw.bengbu.gov.cn/,市金融工作办公室,安徽省,蚌埠市,,,http://bbjrw.bengbu.gov.cn/
http://www.bbzdgcj.gov.cn,市重点工程管理局,安徽省,蚌埠市,,,http://www.bbzdgcj.gov.cn
http://www.bbswgxj.gov.cn/index.html,市文广新局（旅游,安徽省,蚌埠市,,,http://www.bbswgxj.gov.cn/index.html
http://www.bbhq.gov.cn,市直机关事务管理,安徽省,蚌埠市,,,http://www.bbhq.gov.cn
http://ahbb.spb.gov.cn/,市邮政管理局,安徽省,蚌埠市,,,http://ahbb.spb.gov.cn/
http://bbszb.bengbu.gov.cn,蚌埠市史志办公室,安徽省,蚌埠市,,,http://bbszb.bengbu.gov.cn
http://www.bbxfj.gov.cn/,市信访局,安徽省,蚌埠市,,,http://www.bbxfj.gov.cn/
http://www.ahhy.gov.cn,怀远县人民政府,安徽省,蚌埠市,怀远县,,http://www.ahhy.gov.cn
http://bbhy.ahga.gov.cn/,公安局,安徽省,蚌埠市,怀远县,,http://bbhy.ahga.gov.cn/
http://www.ahhuaiyuan.jcy.gov.cn/,检察院,安徽省,蚌埠市,怀远县,,http://www.ahhuaiyuan.jcy.gov.cn/
http://www.hyzgh.gov.cn/,总工会,安徽省,蚌埠市,怀远县,,http://www.hyzgh.gov.cn/
http://ahhyfy.cncourt.org/,法院,安徽省,蚌埠市,怀远县,,http://ahhyfy.cncourt.org/
http://www.wuhe.gov.cn,五河县人民政府,安徽省,蚌埠市,五河县,,http://www.wuhe.gov.cn
http://bbwh.ahga.gov.cn/,公安局,安徽省,蚌埠市,五河县,,http://bbwh.ahga.gov.cn/
http://wh.ahxf.gov.cn/,先锋网,安徽省,蚌埠市,五河县,,http://wh.ahxf.gov.cn/
http://rd.wuhe.gov.cn/,人大,安徽省,蚌埠市,五河县,,http://rd.wuhe.gov.cn/
http://whxfy.chinacourt.org/,法院,安徽省,蚌埠市,五河县,,http://whxfy.chinacourt.org/
http://www.ahwuhe.jcy.gov.cn/,检察院,安徽省,蚌埠市,五河县,,http://www.ahwuhe.jcy.gov.cn/
http://www.guzhen.gov.cn,固镇县人民政府,安徽省,蚌埠市,固镇县,,http://www.guzhen.gov.cn
http://www.ahguzhen.jcy.gov.cn/,检察院,安徽省,蚌埠市,固镇县,,http://www.ahguzhen.jcy.gov.cn/
http://gzxfy.chinacourt.org/,法院,安徽省,蚌埠市,固镇县,,http://gzxfy.chinacourt.org/
http://www.gzwsjd.cn/,固镇县卫生局卫生监督所,安徽省,蚌埠市,固镇县,,http://www.gzwsjd.cn/
http://www.ahgzzgh.gov.cn/,固镇县总工会,安徽省,蚌埠市,固镇县,,http://www.ahgzzgh.gov.cn/
http://www.bblzh.gov.cn,龙子湖区人民政府,安徽省,蚌埠市,龙子湖区,,http://www.bblzh.gov.cn
http://www.bengshan.gov.cn,蚌山区人民政府,安徽省,蚌埠市,蚌山区,,http://www.bengshan.gov.cn
http://bsq.web.ahxf.gov.cn/,蚌山区先锋网,安徽省,蚌埠市,蚌山区,,http://bsq.web.ahxf.gov.cn/
http://msgc.bengshan.gov.cn/,蚌山区民生工程信息网,安徽省,蚌埠市,蚌山区,,http://msgc.bengshan.gov.cn/
http://www.yuhui.gov.cn,禹会区人民政府,安徽省,蚌埠市,禹会区,,http://www.yuhui.gov.cn
http://bbyhq.ahxf.gov.cn/,蚌埠市禹会区先锋网,安徽省,蚌埠市,禹会区,,http://bbyhq.ahxf.gov.cn/
http://www.huaishang.gov.cn,淮上区人民政府,安徽省,蚌埠市,淮上区,,http://www.huaishang.gov.cn
http://www.bbhnz.gov.cn,高新技术产业开发,安徽省,蚌埠市,高新技术产业开发区,,http://www.bbhnz.gov.cn
http://www.bbjjkfq.gov.cn,经济开发区,安徽省,蚌埠市,经济开发区,,http://www.bbjjkfq.gov.cn
http://www.btp.gov.cn,蚌埠铜陵现代产业,安徽省,蚌埠市,,,http://www.btp.gov.cn
http://bb.ahxf.gov.cn/,蚌埠先锋网,安徽省,蚌埠市,,,http://bb.ahxf.gov.cn/
http://www.bbkx.gov.cn/,蚌埠市科学技术协,安徽省,蚌埠市,,,http://www.bbkx.gov.cn/
http://www.bbgsl.org.cn,蚌埠市工商业联合,安徽省,蚌埠市,,,http://www.bbgsl.org.cn
http://bbzy.chinacourt.org/index.shtml,蚌埠法院网,安徽省,蚌埠市,,,http://bbzy.chinacourt.org/index.shtml
http://bbzgh.bengbu.gov.cn/,蚌埠总工会,安徽省,蚌埠市,,,http://bbzgh.bengbu.gov.cn/
http://bb.wenming.cn/,蚌埠文明网,安徽省,蚌埠市,,,http://bb.wenming.cn/
http://www.fy.gov.cn/,阜阳市,安徽省,阜阳市,,,http://www.fy.gov.cn/
http://fgw.fy.gov.cn/,市发展改革委,安徽省,阜阳市,,,http://fgw.fy.gov.cn/
http://www.jw.fy.gov.cn/,市经济和信息化委,安徽省,阜阳市,,,http://www.jw.fy.gov.cn/
http://www.fyedu.gov.cn/,市教育局,安徽省,阜阳市,,,http://www.fyedu.gov.cn/
http://www.fyinfo.gov.cn/,市科技局,安徽省,阜阳市,,,http://www.fyinfo.gov.cn/
http://fy.ahga.gov.cn/,市公安局,安徽省,阜阳市,,,http://fy.ahga.gov.cn/
http://www.fyjjjc.gov.cn/,市监察局,安徽省,阜阳市,,,http://www.fyjjjc.gov.cn/
http://www.mzj.fy.gov.cn,市民政局,安徽省,阜阳市,,,http://www.mzj.fy.gov.cn
http://www.fysf.gov.cn/,市司法局,安徽省,阜阳市,,,http://www.fysf.gov.cn/
http://www.czj.fy.gov.cn/fycz/,市财政局,安徽省,阜阳市,,,http://www.czj.fy.gov.cn/fycz/
http://www.fyldbz.gov.cn/,市人力资源和社会保,安徽省,阜阳市,,,http://www.fyldbz.gov.cn/
http://jtys.fy.gov.cn,市交通运输局,安徽省,阜阳市,,,http://jtys.fy.gov.cn
http://www.fysnw.gov.cn/,市农业委员会,安徽省,阜阳市,,,http://www.fysnw.gov.cn/
http://www.fysw.gov.cn/,市水务局,安徽省,阜阳市,,,http://www.fysw.gov.cn/
http://www.ahfyly.gov.cn/,市林业局,安徽省,阜阳市,,,http://www.ahfyly.gov.cn/
http://anhuifuyang.mofcom.gov.cn/,市商务局,安徽省,阜阳市,,,http://anhuifuyang.mofcom.gov.cn/
http://www.fyswjw.gov.cn/,市卫生计生委,安徽省,阜阳市,,,http://www.fyswjw.gov.cn/
http://www.fysj.gov.cn/,市审计局,安徽省,阜阳市,,,http://www.fysj.gov.cn/
http://www.fyhb.gov.cn/,市环保局,安徽省,阜阳市,,,http://www.fyhb.gov.cn/
http://www.ahfyfda.gov.cn/,市食品药品监管局,安徽省,阜阳市,,,http://www.ahfyfda.gov.cn/
http://www.zgj.fy.gov.cn/FYZGJ/,市招投标监管局,安徽省,阜阳市,,,http://www.zgj.fy.gov.cn/FYZGJ/
http://www.fytj.gov.cn/,市统计局,安徽省,阜阳市,,,http://www.fytj.gov.cn/
http://www.fyanhuisafety.gov.cn/,市安全监督局,安徽省,阜阳市,,,http://www.fyanhuisafety.gov.cn/
http://gtj.fy.gov.cn/,市国土资源局,安徽省,阜阳市,,,http://gtj.fy.gov.cn/
http://www.lsj.fy.gov.cn/,市粮食局,安徽省,阜阳市,,,http://www.lsj.fy.gov.cn/
http://www.fygh.gov.cn,市城乡规划局,安徽省,阜阳市,,,http://www.fygh.gov.cn
http://www.ssrj.fy.gov.cn/,市城管局,安徽省,阜阳市,,,http://www.ssrj.fy.gov.cn/
http://www.fyslyj.com/index.html,市旅游局,安徽省,阜阳市,,,http://www.fyslyj.com/index.html
http://glj.fy.gov.cn/,市公路局,安徽省,阜阳市,,,http://glj.fy.gov.cn/
http://www.gxs.fy.gov.cn/,市供销社,安徽省,阜阳市,,,http://www.gxs.fy.gov.cn/
http://www.chinabeef.com.cn/,市畜牧兽医局,安徽省,阜阳市,,,http://www.chinabeef.com.cn/
http://www.fcj.fy.gov.cn,市房产局,安徽省,阜阳市,,,http://www.fcj.fy.gov.cn
http://fzb.fy.cn/,市法制办,安徽省,阜阳市,,,http://fzb.fy.cn/
http://www.xfj.fy.gov.cn/,市信访局,安徽省,阜阳市,,,http://www.xfj.fy.gov.cn/
http://www.fyswj.gov.cn,市物价局,安徽省,阜阳市,,,http://www.fyswj.gov.cn
http://fwzx.fy.gov.cn/index/showIndex.action,市政务服务中心,安徽省,阜阳市,,,http://fwzx.fy.gov.cn/index/showIndex.action
http://www.ahnjh.gov.cn/subarea/FY/,市农机局,安徽省,阜阳市,,,http://www.ahnjh.gov.cn/subarea/FY/
http://www.fyjrb.gov.cn:8080/servlet/IndexServlet,市金融办,安徽省,阜阳市,,,http://www.fyjrb.gov.cn:8080/servlet/IndexServlet
http://www.clzb.fy.gov.cn/,市菜篮子办,安徽省,阜阳市,,,http://www.clzb.fy.gov.cn/
http://www.ahciq.gov.cn/fuyang/,阜阳出入境检验检疫,安徽省,阜阳市,,,http://www.ahciq.gov.cn/fuyang/
http://www.fymsa.cn/,市地方海事局,安徽省,阜阳市,,,http://www.fymsa.cn/
http://60.166.52.36/fuyang/index.htm,市地税局,安徽省,阜阳市,,,http://60.166.52.36/fuyang/index.htm
http://www.ah-n-tax.gov.cn/fygsww/,市国税局,安徽省,阜阳市,,,http://www.ah-n-tax.gov.cn/fygsww/
http://qx.fy.cn,市气象局,安徽省,阜阳市,,,http://qx.fy.cn
http://www.ahaic-fy.gov.cn/,市工商局,安徽省,阜阳市,,,http://www.ahaic-fy.gov.cn/
http://zjj.fy.gov.cn/,市质监局,安徽省,阜阳市,,,http://zjj.fy.gov.cn/
http://www.gjj.fy.cn,市住房公积金管理中,安徽省,阜阳市,,,http://www.gjj.fy.cn
http://www.szdgcj.fy.gov.cn/,市重点工程局,安徽省,阜阳市,,,http://www.szdgcj.fy.gov.cn/
http://eq.fy.gov.cn/,市地震局,安徽省,阜阳市,,,http://eq.fy.gov.cn/
http://jjzd.fy.gov.cn/,市交警支队,安徽省,阜阳市,,,http://jjzd.fy.gov.cn/
http://ahfy.spb.gov.cn/,市邮政管理局,安徽省,阜阳市,,,http://ahfy.spb.gov.cn/
http://www.fydfz.cn/,市地方志,安徽省,阜阳市,,,http://www.fydfz.cn/
http://www.zgfysw.gov.cn,中共阜阳市委,安徽省,阜阳市,,,http://www.zgfysw.gov.cn
http://wjw.ahxx.gov.cn/,县人口和计划生育委员会,安徽省,阜阳市,,,http://wjw.ahxx.gov.cn/
http://www.tzb.fy.gov.cn/,市委统战部,安徽省,阜阳市,,,http://www.tzb.fy.gov.cn/
http://220.179.66.99/szgw/,市直工委,安徽省,阜阳市,,,http://220.179.66.99/szgw/
http://fyyouth.org.cn/portal.php,共青团阜阳市委,安徽省,阜阳市,,,http://fyyouth.org.cn/portal.php
http://www.daj.fy.gov.cn/index.php,市档案局,安徽省,阜阳市,,,http://www.daj.fy.gov.cn/index.php
http://bz.fy.gov.cn,市编办,安徽省,阜阳市,,,http://bz.fy.gov.cn
http://kx.fy.cn/,市科学技术协会,安徽省,阜阳市,,,http://kx.fy.cn/
http://www.fydpf.com/,市残联,安徽省,阜阳市,,,http://www.fydpf.com/
http://fysgh.fy.cn/,市总工会,安徽省,阜阳市,,,http://fysgh.fy.cn/
http://www.fywl.gov.cn/,阜阳文学艺术界联合,安徽省,阜阳市,,,http://www.fywl.gov.cn/
http://www.yingzhou.gov.cn/public/index/2654440,颍州区人民政府,安徽省,阜阳市,颍州区,,http://www.yingzhou.gov.cn/public/index/2654440
http://www.yingzhou.gov.cn/mzj/index.html,区民政局,安徽省,阜阳市,颍州区,,http://www.yingzhou.gov.cn/mzj/index.html
http://kjj.yingzhou.gov.cn/,区科技局,安徽省,阜阳市,颍州区,,http://kjj.yingzhou.gov.cn/
http://rsj.yingzhou.gov.cn,区人社局,安徽省,阜阳市,颍州区,,http://rsj.yingzhou.gov.cn
http://sgj.yingzhou.gov.cn/,区市场监管局,安徽省,阜阳市,颍州区,,http://sgj.yingzhou.gov.cn/
http://safety.yingzhou.gov.cn/,区安监局,安徽省,阜阳市,颍州区,,http://safety.yingzhou.gov.cn/
http://cgj.yingzhou.gov.cn/,区城管局,安徽省,阜阳市,颍州区,,http://cgj.yingzhou.gov.cn/
http://yzkfq.yingzhou.gov.cn/,颍州经济开发区,安徽省,阜阳市,颍州区,,http://yzkfq.yingzhou.gov.cn/
http://www.yzmzx.gov.cn/,马寨乡,安徽省,阜阳市,颍州区,马寨乡,http://www.yzmzx.gov.cn/
http://glb.yingzhou.gov.cn/,鼓楼街道,安徽省,阜阳市,颍州区,鼓楼街道,http://glb.yingzhou.gov.cn/
http://www.yxjdb.gov.cn/,颍西街道,安徽省,阜阳市,颍州区,颍西街道,http://www.yxjdb.gov.cn/
http://www.yzsslpz.gov.cn/,三十里铺镇,安徽省,阜阳市,颍州区,三十里铺镇,http://www.yzsslpz.gov.cn/
http://www.yingzhou.gov.cn/cjz/index.html,程集镇,安徽省,阜阳市,颍州区,程集镇,http://www.yingzhou.gov.cn/cjz/index.html
http://www.yzshz.gov.cn/,三合镇,安徽省,阜阳市,颍州区,三合镇,http://www.yzshz.gov.cn/
http://xhz.yingzhou.gov.cn/,西湖镇,安徽省,阜阳市,颍州区,西湖镇,http://xhz.yingzhou.gov.cn/
http://yz.ahxf.gov.cn/,区委组织部,安徽省,阜阳市,颍州区,,http://yz.ahxf.gov.cn/
http://www.yzjjjc.gov.cn/,区纪委,安徽省,阜阳市,颍州区,,http://www.yzjjjc.gov.cn/
http://www.yingzhounews.net/,区委宣传部,安徽省,阜阳市,颍州区,,http://www.yingzhounews.net/
http://yz.jtys.fy.gov.cn/,区交通运输分局,安徽省,阜阳市,颍州区,,http://yz.jtys.fy.gov.cn/
http://fyyz.ahga.gov.cn/,区公安分局,安徽省,阜阳市,颍州区,,http://fyyz.ahga.gov.cn/
http://www.yingquan.gov.cn/,颍泉区人民政府,安徽省,阜阳市,颍泉区,,http://www.yingquan.gov.cn/
http://czj.yingquan.gov.cn/,区财政局,安徽省,阜阳市,颍泉区,,http://czj.yingquan.gov.cn/
http://jyj.yingquan.gov.cn,区教育局,安徽省,阜阳市,颍泉区,,http://jyj.yingquan.gov.cn
http://fgw.yingquan.gov.cn/,区发改委,安徽省,阜阳市,颍泉区,,http://fgw.yingquan.gov.cn/
http://rsj.yingquan.gov.cn/,区人社局,安徽省,阜阳市,颍泉区,,http://rsj.yingquan.gov.cn/
http://wjw.yingquan.gov.cn/,区卫计委,安徽省,阜阳市,颍泉区,,http://wjw.yingquan.gov.cn/
http://scjgj.yingquan.gov.cn/,区市场监管局,安徽省,阜阳市,颍泉区,,http://scjgj.yingquan.gov.cn/
http://sjj.yingquan.gov.cn/,区审计局,安徽省,阜阳市,颍泉区,,http://sjj.yingquan.gov.cn/
http://sfj.yingquan.gov.cn/,区司法局,安徽省,阜阳市,颍泉区,,http://sfj.yingquan.gov.cn/
http://mzj.yingquan.gov.cn/,区民政局,安徽省,阜阳市,颍泉区,,http://mzj.yingquan.gov.cn/
http://gtzy.yingquan.gov.cn/,区国土资源分局,安徽省,阜阳市,颍泉区,,http://gtzy.yingquan.gov.cn/
http://yqlsj.yingquan.gov.cn/,区粮食局,安徽省,阜阳市,颍泉区,,http://yqlsj.yingquan.gov.cn/
http://njj.yingquan.gov.cn/,区农机局,安徽省,阜阳市,颍泉区,,http://njj.yingquan.gov.cn/
http://xmsyj.yingquan.gov.cn/,区畜牧兽医局,安徽省,阜阳市,颍泉区,,http://xmsyj.yingquan.gov.cn/
http://yq.jtys.fy.gov.cn/,区交通运输分局,安徽省,阜阳市,颍泉区,,http://yq.jtys.fy.gov.cn/
http://jbfkzx.yingquan.gov.cn/,区疾控中心,安徽省,阜阳市,颍泉区,,http://jbfkzx.yingquan.gov.cn/
http://msgc.yingquan.gov.cn/,区民生工程,安徽省,阜阳市,颍泉区,,http://msgc.yingquan.gov.cn/
http://kjj.yingquan.gov.cn/,区科技局,安徽省,阜阳市,颍泉区,,http://kjj.yingquan.gov.cn/
http://www.fyyqjjjc.gov.cn/,颍泉纪检监察网,安徽省,阜阳市,颍泉区,,http://www.fyyqjjjc.gov.cn/
http://yqq.ahxf.gov.cn/,颍泉先锋网,安徽省,阜阳市,颍泉区,,http://yqq.ahxf.gov.cn/
http://www.yqnews.net/,颍泉新闻网,安徽省,阜阳市,颍泉区,,http://www.yqnews.net/
http://gyy.yingquan.gov.cn/,阜阳工业园,安徽省,阜阳市,颍泉区,,http://gyy.yingquan.gov.cn/
http://xhjjyq.yingquan.gov.cn,阜阳循环经济园,安徽省,阜阳市,颍泉区,,http://xhjjyq.yingquan.gov.cn
http://yqq.thxmj.com/tcsyq/,颍泉城乡统筹试验区,安徽省,阜阳市,颍泉区,,http://yqq.thxmj.com/tcsyq/
http://www.yqqrd.gov.cn/,颍泉区人大常委会,安徽省,阜阳市,颍泉区,,http://www.yqqrd.gov.cn/
http://www.yd.gov.cn/,颍东区人民政府,安徽省,阜阳市,颍东区,,http://www.yd.gov.cn/
http://www.ydnews.net/,颍东新闻网,安徽省,阜阳市,颍东区,,http://www.ydnews.net/
http://cz.yd.gov.cn/,颍东区财政局,安徽省,阜阳市,颍东区,,http://cz.yd.gov.cn/
http://fyydfy.chinacourt.org/,颍东区人民法院网,安徽省,阜阳市,颍东区,,http://fyydfy.chinacourt.org/
http://yd.ahxf.gov.cn/,颍东先锋网,安徽省,阜阳市,颍东区,,http://yd.ahxf.gov.cn/
http://rs.yd.gov.cn/,颍东区人社局,安徽省,阜阳市,颍东区,,http://rs.yd.gov.cn/
http://kfq.yd.gov.cn/,颍东经济开发区,安徽省,阜阳市,颍东区,,http://kfq.yd.gov.cn/
http://www.ydqwmw.com/,颍东区文明网,安徽省,阜阳市,颍东区,,http://www.ydqwmw.com/
http://www.taihe.gov.cn/,太和县人民政府,安徽省,阜阳市,太和县,,http://www.taihe.gov.cn/
http://thcz.taihe.gov.cn/,县财政局,安徽省,阜阳市,太和县,,http://thcz.taihe.gov.cn/
http://fyth.ahga.gov.cn/index.html,县公安局,安徽省,阜阳市,太和县,,http://fyth.ahga.gov.cn/index.html
http://thrs.taihe.gov.cn/,县人社局,安徽省,阜阳市,太和县,,http://thrs.taihe.gov.cn/
http://thmz.taihe.gov.cn/,县民政局,安徽省,阜阳市,太和县,,http://thmz.taihe.gov.cn/
http://thnw.taihe.gov.cn/,县 农 委,安徽省,阜阳市,太和县,,http://thnw.taihe.gov.cn/
http://www.ahnjh.gov.cn/subarea/the/default.asp,县农机局,安徽省,阜阳市,太和县,,http://www.ahnjh.gov.cn/subarea/the/default.asp
http://ghj.taihe.gov.cn,县城乡规划局,安徽省,阜阳市,太和县,,http://ghj.taihe.gov.cn
http://thfz.taihe.gov.cn/,县法制办,安徽省,阜阳市,太和县,,http://thfz.taihe.gov.cn/
http://zgj.taihe.gov.cn/,县招投标管理局,安徽省,阜阳市,太和县,,http://zgj.taihe.gov.cn/
http://ms.taihe.gov.cn/,县民生办,安徽省,阜阳市,太和县,,http://ms.taihe.gov.cn/
http://lyw.taihe.gov.cn/,县旅游局,安徽省,阜阳市,太和县,,http://lyw.taihe.gov.cn/
http://wgxj.taihe.gov.cn/,县文广新局,安徽省,阜阳市,太和县,,http://wgxj.taihe.gov.cn/
http://thedu.taihe.gov.cn/,县教育局,安徽省,阜阳市,太和县,,http://thedu.taihe.gov.cn/
http://thsf.taihe.gov.cn/,县司法局,安徽省,阜阳市,太和县,,http://thsf.taihe.gov.cn/
http://thxf.taihe.gov.cn/,县信访局,安徽省,阜阳市,太和县,,http://thxf.taihe.gov.cn/
http://scjgj.taihe.gov.cn/,县市场监督管理局,安徽省,阜阳市,太和县,,http://scjgj.taihe.gov.cn/
http://jtys.taihe.gov.cn/,县交通局,安徽省,阜阳市,太和县,,http://jtys.taihe.gov.cn/
http://thkj.taihe.gov.cn/,县科技局,安徽省,阜阳市,太和县,,http://thkj.taihe.gov.cn/
http://wjw.taihe.gov.cn/,县卫计委,安徽省,阜阳市,太和县,,http://wjw.taihe.gov.cn/
http://mlb.taihe.gov.cn/,县美丽办,安徽省,阜阳市,太和县,,http://mlb.taihe.gov.cn/
http://www.ahjs.gov.cn/,界首市人民政府,安徽省,阜阳市,界首市,,http://www.ahjs.gov.cn/
http://sjj.ahjs.gov.cn/,审计局,安徽省,阜阳市,界首市,,http://sjj.ahjs.gov.cn/
http://fyjs.ahga.gov.cn/,公安局,安徽省,阜阳市,界首市,,http://fyjs.ahga.gov.cn/
http://www.ahjsedu.net/,教育局,安徽省,阜阳市,界首市,,http://www.ahjsedu.net/
http://rsj.ahjs.gov.cn/,人力资源和社会保障局,安徽省,阜阳市,界首市,,http://rsj.ahjs.gov.cn/
http://fgw.ahjs.gov.cn/,发展改革委,安徽省,阜阳市,界首市,,http://fgw.ahjs.gov.cn/
http://jsw.ahjs.gov.cn/,计生委,安徽省,阜阳市,界首市,,http://jsw.ahjs.gov.cn/
http://jw.ahjs.gov.cn/,住房城乡建委,安徽省,阜阳市,界首市,,http://jw.ahjs.gov.cn/
http://rd.ahjs.gov.cn/,人大,安徽省,阜阳市,界首市,,http://rd.ahjs.gov.cn/
http://jsfcj.ahjs.gov.cn/,界首房地产管理局?,安徽省,阜阳市,界首市,,http://jsfcj.ahjs.gov.cn/
http://tjj.ahjs.gov.cn/,统计局,安徽省,阜阳市,界首市,,http://tjj.ahjs.gov.cn/
http://jtj.ahjs.gov.cn/,交通局,安徽省,阜阳市,界首市,,http://jtj.ahjs.gov.cn/
http://jsajj.ahjs.gov.cn/,安全生产监督管理局,安徽省,阜阳市,界首市,,http://jsajj.ahjs.gov.cn/
http://zbzx.ahjs.gov.cn/jswz/,公共资源交易中心,安徽省,阜阳市,界首市,,http://zbzx.ahjs.gov.cn/jswz/
http://www.ahjscz.gov.cn/,财政局,安徽省,阜阳市,界首市,,http://www.ahjscz.gov.cn/
http://mz.ahjs.gov.cn/,民政局,安徽省,阜阳市,界首市,,http://mz.ahjs.gov.cn/
http://dckhj.ahjs.gov.cn/,中共界首市委界首市人民政府督查考核局,安徽省,阜阳市,界首市,,http://dckhj.ahjs.gov.cn/
http://www.ahjieshou.jcy.gov.cn/,检察院,安徽省,阜阳市,界首市,,http://www.ahjieshou.jcy.gov.cn/
http://fyjsfy.chinacourt.org,法院,安徽省,阜阳市,界首市,,http://fyjsfy.chinacourt.org
http://www.jszfw.gov.cn/,中共界首市委政法委员会,安徽省,阜阳市,界首市,,http://www.jszfw.gov.cn/
http://jslsj.gov.cn/,粮食局,安徽省,阜阳市,界首市,,http://jslsj.gov.cn/
http://www.jsjjjc.gov.cn/,纪律检查网,安徽省,阜阳市,界首市,,http://www.jsjjjc.gov.cn/
http://jxw.ahjs.gov.cn/,经济和信息化委员会,安徽省,阜阳市,界首市,,http://jxw.ahjs.gov.cn/
http://zsw.ahjs.gov.cn/,安徽界首招商,安徽省,阜阳市,界首市,,http://zsw.ahjs.gov.cn/
http://fzb.ahjs.gov.cn/,界首市法制办公室,安徽省,阜阳市,界首市,,http://fzb.ahjs.gov.cn/
http://www.funan.gov.cn/,阜南县人民政府,安徽省,阜阳市,阜南县,,http://www.funan.gov.cn/
http://www.fnwsj.gov.cn/funanxian/index.aspx,健康・阜南,安徽省,阜阳市,阜南县,,http://www.fnwsj.gov.cn/funanxian/index.aspx
http://www.fnxjw.gov.cn/,安徽 阜阳市 阜南县纪检监察网,安徽省,阜阳市,阜南县,,http://www.fnxjw.gov.cn/
http://fgw.ahfn.gov.cn/,发展改革委,安徽省,阜阳市,阜南县,,http://fgw.ahfn.gov.cn/
http://lqxfy.chinacourt.org/,临泉县法院,安徽省,阜阳市,临泉县,,http://lqxfy.chinacourt.org/
http://www.lqxww.com/,临泉县委宣传部,安徽省,阜阳市,临泉县,,http://www.lqxww.com/
http://www.linquanzx.gov.cn/index.html,临泉县政协,安徽省,阜阳市,临泉县,,http://www.linquanzx.gov.cn/index.html
http://www.ahlinquan.jcy.gov.cn/,临泉县检察院,安徽省,阜阳市,临泉县,,http://www.ahlinquan.jcy.gov.cn/
http://lqwjw.linquan.gov.cn/,临泉县卫计委,安徽省,阜阳市,临泉县,,http://lqwjw.linquan.gov.cn/
http://lqrlzy.linquan.gov.cn,临泉县人力资源和社会保障局,安徽省,阜阳市,临泉县,,http://lqrlzy.linquan.gov.cn
http://www.ahnjh.gov.cn/subarea/lq/default.asp,临泉县农机局,安徽省,阜阳市,临泉县,,http://www.ahnjh.gov.cn/subarea/lq/default.asp
http://lqfdcw.linquan.gov.cn/,临泉县房地产管理局,安徽省,阜阳市,临泉县,,http://lqfdcw.linquan.gov.cn/
http://gtj.linquan.gov.cn/,临泉县国土资源局,安徽省,阜阳市,临泉县,,http://gtj.linquan.gov.cn/
http://lqjyw.linquan.gov.cn,临泉县教育局,安徽省,阜阳市,临泉县,,http://lqjyw.linquan.gov.cn
http://lqmzj.linquan.gov.cn,临泉县民政局,安徽省,阜阳市,临泉县,,http://lqmzj.linquan.gov.cn
http://linquan.mofcom.gov.cn/,临泉县商务局,安徽省,阜阳市,临泉县,,http://linquan.mofcom.gov.cn/
http://fylq.ahga.gov.cn/,临泉县公安局,安徽省,阜阳市,临泉县,,http://fylq.ahga.gov.cn/
http://lqny.linquan.gov.cn,临泉县农业委,安徽省,阜阳市,临泉县,,http://lqny.linquan.gov.cn
http://lqjkq.linquan.gov.cn,经济开发区（邢塘街道办）,安徽省,阜阳市,临泉县,,http://lqjkq.linquan.gov.cn
http://www.ahys.gov.cn/2013/welcome/,颍上县人民政府,安徽省,阜阳市,颍上县,,http://www.ahys.gov.cn/2013/welcome/
http://fyys.ahga.gov.cn/,公安局,安徽省,阜阳市,颍上县,,http://fyys.ahga.gov.cn/
http://www.ysny.gov.cn/,农业信息网,安徽省,阜阳市,颍上县,,http://www.ysny.gov.cn/
http://www.ahysedu.cn/,颍上教育资源网,安徽省,阜阳市,颍上县,,http://www.ahysedu.cn/
http://zx.ys.gov.cn/welcome/,安徽省颍上县政协,安徽省,阜阳市,颍上县,,http://zx.ys.gov.cn/welcome/
http://www.ahyingshang.jcy.gov.cn/,检察院,安徽省,阜阳市,颍上县,,http://www.ahyingshang.jcy.gov.cn/
http://sjj.ys.gov.cn/,颍上县市场监督管理局,安徽省,阜阳市,颍上县,,http://sjj.ys.gov.cn/
http://paw.ys.gov.cn/,平安网,安徽省,阜阳市,颍上县,,http://paw.ys.gov.cn/
http://www.ysxwb.gov.cn/,中共颍上县委办公室,安徽省,阜阳市,颍上县,,http://www.ysxwb.gov.cn/
http://xfd.ys.gov.cn/,消防网,安徽省,阜阳市,颍上县,,http://xfd.ys.gov.cn/
http://rd.ys.gov.cn/,人大,安徽省,阜阳市,颍上县,,http://rd.ys.gov.cn/
http://women.ys.gov.cn/welcome/,颍上妇女网,安徽省,阜阳市,颍上县,,http://women.ys.gov.cn/welcome/
http://www.fyinvest.gov.cn/,阜阳经济技术开发区,安徽省,阜阳市,阜阳经济技术开发区,,http://www.fyinvest.gov.cn/
http://www.fhip.gov.cn/,阜合现代园区,安徽省,阜阳市,阜合现代园区,,http://www.fhip.gov.cn/
http://fyzy.chinacourt.org/index.shtml,阜阳市中级人民法院,安徽省,阜阳市,,,http://fyzy.chinacourt.org/index.shtml
http://www.zgd.fy.cn/,中国致公党阜阳委员,安徽省,阜阳市,,,http://www.zgd.fy.cn/
http://www.mm.fy.cn/index.asp,民盟阜阳市委,安徽省,阜阳市,,,http://www.mm.fy.cn/index.asp
http://www.ahcfnews.com/,新闻传播中心,安徽省,阜阳市,,,http://www.ahcfnews.com/
http://www.fyccpit.org.cn,阜阳贸促会,安徽省,阜阳市,,,http://www.fyccpit.org.cn
http://www.ahczzs.gov.cn/home.asp,市招商局,安徽省,阜阳市,,,http://www.ahczzs.gov.cn/home.asp
http://www.wxd.fy.cn/,省无委会阜阳管理处,安徽省,阜阳市,,,http://www.wxd.fy.cn/
http://www.fywsjdj.com/,阜阳卫生监督网,安徽省,阜阳市,,,http://www.fywsjdj.com/
http://www.gsl.fy.gov.cn,市工商联,安徽省,阜阳市,,,http://www.gsl.fy.gov.cn
http://jyzx.fy.gov.cn/FuYang/,市公共资源交易中心,安徽省,阜阳市,,,http://jyzx.fy.gov.cn/FuYang/
http://www.huainan.gov.cn/,淮南市,安徽省,淮南市,,,http://www.huainan.gov.cn/
http://www.hnpc.gov.cn/,市发改委,安徽省,淮南市,,,http://www.hnpc.gov.cn/
http://www.ahhnedu.cn/index.html,市教育局,安徽省,淮南市,,,http://www.ahhnedu.cn/index.html
http://www.hnkjj.gov.cn/,市科技局,安徽省,淮南市,,,http://www.hnkjj.gov.cn/
http://www.hnsgzw.gov.cn/,市经信委,安徽省,淮南市,,,http://www.hnsgzw.gov.cn/
http://hn.ahga.gov.cn/,市公安局,安徽省,淮南市,,,http://hn.ahga.gov.cn/
http://www.hnmz.gov.cn,市民政局,安徽省,淮南市,,,http://www.hnmz.gov.cn
http://www.hnsfj.gov.cn/,市司法局,安徽省,淮南市,,,http://www.hnsfj.gov.cn/
http://cz.huainan.gov.cn/,市财政局,安徽省,淮南市,,,http://cz.huainan.gov.cn/
http://www.hnhrss.gov.cn,市人社局,安徽省,淮南市,,,http://www.hnhrss.gov.cn
http://www.hngt.gov.cn/new/index.html,市国土资源局,安徽省,淮南市,,,http://www.hngt.gov.cn/new/index.html
http://www.hnhb.gov.cn,市环保局,安徽省,淮南市,,,http://www.hnhb.gov.cn
http://www.hncj.gov.cn/,市建委,安徽省,淮南市,,,http://www.hncj.gov.cn/
http://www.hnjtw.gov.cn/,市交通局,安徽省,淮南市,,,http://www.hnjtw.gov.cn/
http://www.hnnw.gov.cn,市农委,安徽省,淮南市,,,http://www.hnnw.gov.cn
http://www.hnslj.gov.cn,市水利局,安徽省,淮南市,,,http://www.hnslj.gov.cn
http://www.ahhnly.gov.cn/,市林业局,安徽省,淮南市,,,http://www.ahhnly.gov.cn/
http://www.hnswj.gov.cn/Web/Default.aspx,市商务局,安徽省,淮南市,,,http://www.hnswj.gov.cn/Web/Default.aspx
http://wgx.huainan.gov.cn/,市文广新局,安徽省,淮南市,,,http://wgx.huainan.gov.cn/
http://www.hnwjw.gov.cn/,市卫计委,安徽省,淮南市,,,http://www.hnwjw.gov.cn/
http://www.hnsj.gov.cn/,市审计局,安徽省,淮南市,,,http://www.hnsj.gov.cn/
http://www.hnsports.gov.cn/,市体育局,安徽省,淮南市,,,http://www.hnsports.gov.cn/
http://www.hnstjj.gov.cn,市统计局,安徽省,淮南市,,,http://www.hnstjj.gov.cn
http://www.hnwj.gov.cn/,市物价局,安徽省,淮南市,,,http://www.hnwj.gov.cn/
http://www.ahaic-hn.gov.cn:10038/wps/portal,市工商局,安徽省,淮南市,,,http://www.ahaic-hn.gov.cn:10038/wps/portal
http://www.hnzjj.gov.cn/,市质监局,安徽省,淮南市,,,http://www.hnzjj.gov.cn/
http://www.hnaj.gov.cn/,市安监局,安徽省,淮南市,,,http://www.hnaj.gov.cn/
http://www.hnslyj.gov.cn/,市旅游局,安徽省,淮南市,,,http://www.hnslyj.gov.cn/
http://hnwsb.huainan.gov.cn/,市外事办,安徽省,淮南市,,,http://hnwsb.huainan.gov.cn/
http://www.hnlsj.gov.cn,市粮食局,安徽省,淮南市,,,http://www.hnlsj.gov.cn
http://fzb.huainan.gov.cn/new/index.html,市法制办,安徽省,淮南市,,,http://fzb.huainan.gov.cn/new/index.html
http://www.ahhnda.gov.cn/new/index.html,市食品药品监督局,安徽省,淮南市,,,http://www.ahhnda.gov.cn/new/index.html
http://www.hngh.gov.cn/,市规划局,安徽省,淮南市,,,http://www.hngh.gov.cn/
http://www.hnfc.gov.cn/,市房产局,安徽省,淮南市,,,http://www.hnfc.gov.cn/
http://www.hncgj.gov.cn,市城市管理行政执,安徽省,淮南市,,,http://www.hncgj.gov.cn
http://www.hnczb.gov.cn,市沉治办,安徽省,淮南市,,,http://www.hnczb.gov.cn
http://rfb.huainan.gov.cn/,市人防办,安徽省,淮南市,,,http://rfb.huainan.gov.cn/
http://www.hnzw.gov.cn/hnzxmh/,市政务服务中心,安徽省,淮南市,,,http://www.hnzw.gov.cn/hnzxmh/
http://www.hnjr.gov.cn/,市金融办(市政府,安徽省,淮南市,,,http://www.hnjr.gov.cn/
http://www.hndfz.cn/,市地方志,安徽省,淮南市,,,http://www.hndfz.cn/
http://www.ahhninvest.com/,市招商局,安徽省,淮南市,,,http://www.ahhninvest.com/
http://www.hnszdj.cn/new/index.html,市重点局,安徽省,淮南市,,,http://www.hnszdj.cn/new/index.html
http://www.ahhncl.net/new/index.html,市残联,安徽省,淮南市,,,http://www.ahhncl.net/new/index.html
http://www.hnzfgjj.com/,市公积金管理中心,安徽省,淮南市,,,http://www.hnzfgjj.com/
http://www.hnsztb.cn/HNWeb/,市公共资源交易监,安徽省,淮南市,,,http://www.hnsztb.cn/HNWeb/
http://www.ah-n-tax.gov.cn/hngsww/,市国税局,安徽省,淮南市,,,http://www.ah-n-tax.gov.cn/hngsww/
http://60.166.52.36/huainan/index.htm,市地税局,安徽省,淮南市,,,http://60.166.52.36/huainan/index.htm
http://www.shouxian.gov.cn/,寿县,安徽省,淮南市,寿县,,http://www.shouxian.gov.cn/
http://sxjy.shouxian.gov.cn/,寿县教育网,安徽省,淮南市,寿县,,http://sxjy.shouxian.gov.cn/
http://sxnw.shouxian.gov.cn/,寿县农业委员会,安徽省,淮南市,寿县,,http://sxnw.shouxian.gov.cn/
http://sxykz.shouxian.gov.cn/,堰口镇,安徽省,淮南市,寿县,,http://sxykz.shouxian.gov.cn/
http://new.shouxian.gov.cn/,寿县人民政府网,安徽省,淮南市,寿县,,http://new.shouxian.gov.cn/
http://www.ahshouxian.jcy.gov.cn/,检察院,安徽省,淮南市,寿县,,http://www.ahshouxian.jcy.gov.cn/
http://rd.shouxian.gov.cn/main/,人大,安徽省,淮南市,寿县,,http://rd.shouxian.gov.cn/main/
http://www.sxrmfy.gov.cn/,法院,安徽省,淮南市,寿县,,http://www.sxrmfy.gov.cn/
http://www.sxjjjc.gov.cn/,纪律检查委员会,安徽省,淮南市,寿县,,http://www.sxjjjc.gov.cn/
http://sxnjw.shouxian.gov.cn/,寿县农业机械管理局,安徽省,淮南市,寿县,,http://sxnjw.shouxian.gov.cn/
http://www.ft.gov.cn/,凤台县,安徽省,淮南市,凤台县,,http://www.ft.gov.cn/
http://jjw.ft.gov.cn/,纪检委,安徽省,淮南市,凤台县,,http://jjw.ft.gov.cn/
http://xfw.ft.gov.cn/,组织部,安徽省,淮南市,凤台县,,http://xfw.ft.gov.cn/
http://xuanchuanbu.ft.gov.cn/welcome/,宣传部,安徽省,淮南市,凤台县,,http://xuanchuanbu.ft.gov.cn/welcome/
http://tuanxianwei.ft.gov.cn/welcome/,团县委,安徽省,淮南市,凤台县,,http://tuanxianwei.ft.gov.cn/welcome/
http://fulian.ft.gov.cn/welcome/,妇联,安徽省,淮南市,凤台县,,http://fulian.ft.gov.cn/welcome/
http://lgbj.ft.gov.cn/,老干部局,安徽省,淮南市,凤台县,,http://lgbj.ft.gov.cn/
http://wmw.ft.gov.cn/welcome/,文明办,安徽省,淮南市,凤台县,,http://wmw.ft.gov.cn/welcome/
http://kpw.ft.gov.cn/,科协,安徽省,淮南市,凤台县,,http://kpw.ft.gov.cn/
http://news.ft.gov.cn/ftcl,残联,安徽省,淮南市,凤台县,,http://news.ft.gov.cn/ftcl
http://news.ft.gov.cn/fthrss,人社局,安徽省,淮南市,凤台县,,http://news.ft.gov.cn/fthrss
http://czj.ft.gov.cn/,财政局,安徽省,淮南市,凤台县,,http://czj.ft.gov.cn/
http://gtzyj.ft.gov.cn/welcome/,国土局,安徽省,淮南市,凤台县,,http://gtzyj.ft.gov.cn/welcome/
http://yxhgq.com.cn/,凤台永幸河灌区,安徽省,淮南市,凤台县,,http://yxhgq.com.cn/
http://www.hndt.gov.cn/,大通区,安徽省,淮南市,大通区,,http://www.hndt.gov.cn/
http://edu.hndt.gov.cn/,大通区教育信息网,安徽省,淮南市,大通区,,http://edu.hndt.gov.cn/
http://www.hndtzfj.com/,大通区城市管理行政执法局,安徽省,淮南市,大通区,,http://www.hndtzfj.com/
http://dt.hnsfj.gov.cn/,淮南市大通区司法局,安徽省,淮南市,大通区,,http://dt.hnsfj.gov.cn/
http://www.huainandt.jcy.gov.cn/,安徽省淮南市大通区检察院?,安徽省,淮南市,大通区,,http://www.huainandt.jcy.gov.cn/
http://www.tja.gov.cn/new/index.html,田家庵区,安徽省,淮南市,田家庵区,,http://www.tja.gov.cn/new/index.html
http://www.huainantja.jcy.gov.cn/,检察院,安徽省,淮南市,田家庵区,,http://www.huainantja.jcy.gov.cn/
http://www.tja.gov.cn/new/renda.html,人大,安徽省,淮南市,田家庵区,,http://www.tja.gov.cn/new/renda.html
http://www.tjacourt.gov.cn/,人民法院,安徽省,淮南市,田家庵区,,http://www.tjacourt.gov.cn/
http://www.tja.gov.cn/new/qjyj.html,教育局,安徽省,淮南市,田家庵区,,http://www.tja.gov.cn/new/qjyj.html
http://tja.hnsfj.gov.cn/,淮南市田家庵区司法局,安徽省,淮南市,田家庵区,,http://tja.hnsfj.gov.cn/
http://www.xiejiaji.gov.cn/,谢家集区,安徽省,淮南市,谢家集区,,http://www.xiejiaji.gov.cn/
http://www.bagongshan.gov.cn/,八公山区,安徽省,淮南市,八公山区,,http://www.bagongshan.gov.cn/
http://fgw.bagongshan.gov.cn/,淮南市八公山区发展和改革委员会,安徽省,淮南市,八公山,,http://fgw.bagongshan.gov.cn/
http://www.panji.gov.cn/,潘集区,安徽省,淮南市,潘集区,,http://www.panji.gov.cn/
http://www.maoji.gov.cn/c/81342/index.shtml,毛集实验区,安徽省,淮南市,毛集实验区,,http://www.maoji.gov.cn/c/81342/index.shtml
http://www.ahccci.gov.cn/,现代煤化工产业园,安徽省,淮南市,现代煤化工产业园,,http://www.ahccci.gov.cn/
http://www.hnxfw.gov.cn/,淮南先锋网,安徽省,淮南市,,,http://www.hnxfw.gov.cn/
http://www.hnxc.gov.cn/new/index.html,淮南宣传网,安徽省,淮南市,,,http://www.hnxc.gov.cn/new/index.html
http://www.hnzzb.gov.cn/,淮南政法综治网,安徽省,淮南市,,,http://www.hnzzb.gov.cn/
http://www.jggw.org,市直机关工委,安徽省,淮南市,,,http://www.jggw.org
http://lgbj.huainan.gov.cn/,市委老干局,安徽省,淮南市,,,http://lgbj.huainan.gov.cn/
http://www.hndx.gov.cn/,市委党校,安徽省,淮南市,,,http://www.hndx.gov.cn/
http://ahhn.wenming.cn/,淮南文明网,安徽省,淮南市,,,http://ahhn.wenming.cn/
http://da.huainan.gov.cn/,市档案局,安徽省,淮南市,,,http://da.huainan.gov.cn/
http://www.hngh.org.cn/,淮南市总工会,安徽省,淮南市,,,http://www.hngh.org.cn/
http://www.hnyouth.cn/hnyouth/index.php,淮南共青团,安徽省,淮南市,,,http://www.hnyouth.cn/hnyouth/index.php
http://www.hngsl.gov.cn/,市工商联,安徽省,淮南市,,,http://www.hngsl.gov.cn/
http://www.hnzgd.org/,市致公党,安徽省,淮南市,,,http://www.hnzgd.org/
http://www.huainanwomen.org.cn/,市妇联,安徽省,淮南市,,,http://www.huainanwomen.org.cn/
http://hnzy.chinacourt.org/index.shtml,市中级人民法院,安徽省,淮南市,,,http://hnzy.chinacourt.org/index.shtml
http://www.hn.ah119.cn/xiaofang/,淮南消防,安徽省,淮南市,,,http://www.hn.ah119.cn/xiaofang/
http://www.hnwxd.gov.cn/,无线电管理处,安徽省,淮南市,,,http://www.hnwxd.gov.cn/
http://www.hnredcross.org/,市红十字会,安徽省,淮南市,,,http://www.hnredcross.org/
http://msgc.huainan.gov.cn/,淮南民生工程网,安徽省,淮南市,,,http://msgc.huainan.gov.cn/
http://www.chuzhou.gov.cn/,滁州市,安徽省,滁州市,,,http://www.chuzhou.gov.cn/
http://www.czsgjj.com/,市公积金中心,安徽省,滁州市,,,http://www.czsgjj.com/
http://www.czmsa.com/,地方海事局,安徽省,滁州市,,,http://www.czmsa.com/
http://www.czswj.cn/,市水文局,安徽省,滁州市,,,http://www.czswj.cn/
